state_id,police_homicide,police_homicide_wp,police_homicide_guardian,police_homicide_mpv,police_homicide_kbp,police_homicide_fatal,year,state_abb,pop_100000,std_squire_capacity,termEct,std_med_income,std_employees,std_police_ideal,repLeg,demLeg,repGov,demGov,state,std_black,invLaw,wapost_fbi_dif,guard_fbi_dif,mpv_fbi_dif,kbp_fbi_dif,fatal_fbi_dif,total_pop,white_pop,black_pop,hispanic_pop,asian_pop,white_pov,black_pov,hispanic_pov,asian_pov,children_0_18,adults_19_25,adults_26_34,adults_35.54,adults_55.64,adults_65up,male_pop,female_pop,total_.incar,income,black_income,unemployment,black_female_16_65_unemp,black_female_65up_unemp,black_male_16_65_unemp,black_male_65up_unemp,homeless
1,0,,,23,,51,2013,AL,48.29479,0.754928919,0,-1.662252832,-0.327410637,1.087161115,1,0,1,0,ALABAMA,1.721245501,0,,,23,,51,4705800,0.666,0.262,0.039,0.011,0.129,0.316,0.357,0.176,0.248,0.094,0.113,0.265,0.131,0.149,0.481,0.519,115600,54099,28750,225628,48583,661,45233,531,4689
2,3,,,4,,4,2013,AK,7.36879,1.492908722,1,0.453437557,-0.280588931,0.483974086,1,0,1,0,ALASKA,-0.73755552,0,,,1,,1,705100,0.625,0.034,0.063,0.05,0.054,0,0.145,0,0.272,0.107,0.136,0.265,0.126,0.094,0.513,0.487,14600,87070,57260,30847,305,0,1080,0,1946
3,43,,,49,,71,2013,AZ,66.24617,0.669414696,0,-0.674766444,2.470790955,-0.302767842,1,0,1,0,ARIZO,-0.663367558,0,,,6,,28,6465700,0.568,0.039,0.302,0.029,0.113,0.243,0.293,0.161,0.258,0.095,0.119,0.252,0.12,0.155,0.492,0.508,132300,61132,39543,291437,7939,187,10266,281,10562
4,1,,,14,,20,2013,AR,29.58663,0.271294916,1,-1.818819918,-0.487036373,1.154258452,1,0,0,1,ARKANSAS,0.566032952,0,,,13,,19,2868600,0.738,0.154,0.069,0.012,0.149,0.346,0.314,0.131,0.255,0.089,0.118,0.259,0.127,0.153,0.491,0.509,69900,51497,26255,112297,15260,146,17049,270,3812
5,132,,,192,,279,2013,CA,383.35203,3.050581263,1,0.06694603,1.962838494,2.575904706,0,1,0,1,CALIFORNIA,-0.483196794,0,,,60,,147,37511300,0.389,0.055,0.385,0.136,0.107,0.263,0.231,0.122,0.253,0.102,0.129,0.273,0.116,0.126,0.494,0.506,600400,82885,43969,2041354,89921,1732,96004,2191,118552
6,10,,,20,,28,2013,CO,52.67603,0.849605469,1,0.692678918,0.060015304,0.135028344,0,1,0,1,COLORADO,-0.695162399,0,,,10,,18,5130200,0.694,0.036,0.211,0.029,0.093,0.239,0.235,0.098,0.251,0.095,0.13,0.275,0.127,0.123,0.498,0.502,120700,75333,40298,212756,6935,60,8505,91,9754
7,1,,,11,,13,2013,CT,35.96003,0.482621858,0,1.164950361,0.361691356,0.365709028,0,1,0,1,CONNECTICUT,-0.069863864,1,,,10,,12,3479000,0.695,0.096,0.146,0.041,0.061,0.199,0.25,0.106,0.235,0.082,0.111,0.286,0.137,0.15,0.486,0.514,62900,90185,42208,171894,14315,465,18135,228,4448
8,0,,,2,,5,2013,DE,9.25395,0.810654042,0,-0.501600249,-0.316974707,-0.281649603,0,1,0,1,DELAWARE,1.117143526,0,,,2,,5,898500,0.643,0.205,0.089,0.038,0.087,0.166,0.373,0,0.235,0.087,0.117,0.271,0.133,0.158,0.482,0.518,23700,71437,45945,37683,6034,87,6119,95,946
9,,,,,,,2013,,,,,,,,,,,,DISTRICT OF COLUMBIA,,,,,,,,610300,0.351,0.486,0.104,0.031,0.079,0.286,0.155,0.234,0.187,0.113,0.207,0.266,0.111,0.116,0.468,0.532,13700,108622,39699,37351,14099,189,14773,239,6865
10,0,,,100,,115,2013,FL,195.82022,0.944996108,1,-0.965625682,1.015155827,-0.482176286,1,0,1,0,FLORIDA,0.544836392,0,,,100,,115,19093200,0.563,0.152,0.238,0.026,0.119,0.282,0.22,0.138,0.219,0.089,0.109,0.265,0.131,0.187,0.485,0.515,389400,56505,34282,1010315,125565,2115,132598,2834,47862
11,12,,,31,,65,2013,GA,99.84938,-0.085839594,0,-1.013495372,-0.115118191,-0.513784123,1,0,1,0,GEORGIA,2.145176712,0,,,19,,53,9690900,0.549,0.304,0.091,0.035,0.126,0.268,0.313,0.147,0.267,0.094,0.119,0.281,0.118,0.12,0.483,0.517,624200,63079,36055,511805,121053,1381,118518,1914,16971
12,2,,,4,,4,2013,HI,14.06481,0.995019599,0,0.482459226,3.938806032,-1.712070026,0,1,0,1,HAWAII,-0.875333164,0,,,2,,2,1331500,0.217,0.015,0.096,0.383,0.106,0,0.098,0.105,0.236,0.09,0.121,0.258,0.133,0.162,0.489,0.511,28900,85655,59336,45551,459,0,682,5,6335
13,1,,,4,,7,2013,ID,16.12011,-0.021507813,0,-0.550005394,-0.405333191,-0.219028272,1,0,1,0,IDAHO,-1.034307368,0,,,3,,6,1580900,0.833,0,0.118,0.016,0.143,0,0.241,0,0.28,0.093,0.116,0.25,0.123,0.139,0.499,0.501,45500,56707,33935,61483,371,0,425,0,1781
14,14,,,27,,52,2013,IL,128.79505,1.425166197,0,0.031391808,-0.220066633,-1.13674437,0,1,0,1,ILLINOIS,0.396460468,0,,,13,,38,12571100,0.628,0.138,0.166,0.049,0.093,0.319,0.2,0.116,0.248,0.094,0.125,0.275,0.125,0.133,0.489,0.511,222700,72182,34210,649694,88662,1184,88557,1011,13425
15,12,,,22,,39,2013,IN,65.69102,0.700957341,0,-0.680013905,-0.297938827,-0.998376172,1,0,1,0,INDIA,-0.133453545,0,,,10,,27,6366500,0.807,0.088,0.065,0.018,0.127,0.309,0.304,0.183,0.257,0.092,0.115,0.269,0.129,0.138,0.489,0.511,179400,60041,30290,293032,25372,351,24461,360,6096
16,0,,,5,,15,2013,IA,30.9193,0.770128654,0,-0.219308293,-0.505873788,0.429676292,0,0,1,0,IOWA,-0.73755552,0,,,5,,15,2990300,0.876,0.032,0.054,0.02,0.111,0.324,0.233,0.203,0.25,0.091,0.115,0.258,0.134,0.152,0.494,0.506,45900,63073,27060,86486,2945,15,3302,68,3084
17,1,,,6,,18,2013,KS,28.92821,-0.120516554,0,-0.580205065,-0.625736846,-0.218178209,1,0,1,0,KANSAS,-0.483196794,0,,,5,,17,2796500,0.773,0.056,0.111,0.024,0.108,0.269,0.234,0.161,0.265,0.094,0.12,0.254,0.127,0.139,0.494,0.506,37100,64749,32311,95703,5724,81,6834,34,2693
18,3,,,7,,12,2013,KY,44.00477,0.092229628,0,-1.579043102,-0.667649948,-0.137252182,0,0,0,1,KENTUCKY,-0.250034628,0,,,4,,9,4260900,0.86,0.076,0.032,0.012,0.17,0.278,0.284,0.142,0.245,0.092,0.114,0.272,0.133,0.144,0.489,0.511,97600,54498,29251,188278,12823,74,12866,151,5245
19,4,,,15,,25,2013,LA,46.26402,0.348912375,1,-1.850625954,0.281046796,-0.220388374,1,0,1,0,LOUISIA,2.314749196,0,,,11,,21,4483200,0.599,0.318,0.046,0.016,0.118,0.338,0.252,0.128,0.257,0.1,0.126,0.258,0.128,0.131,0.482,0.518,115700,57260,28070,178471,43749,555,46970,521,5226
20,4,,,5,,6,2013,ME,13.29076,-0.261700485,1,-0.72627723,-0.70302327,-1.042314589,0,1,1,0,MAINE,-0.981315966,0,,,1,,2,1291900,0.941,0.01,0.013,0.01,0.125,0.577,0.282,0,0.206,0.08,0.1,0.28,0.158,0.176,0.488,0.512,10500,59427,27020,49236,411,3,614,0,3016
21,17,,,25,,40,2013,MD,59.31129,0.9394407,0,0.895188056,1.186603866,-1.157052896,0,1,0,1,MARYLAND,1.996800788,0,,,8,,23,5767500,0.532,0.289,0.091,0.06,0.07,0.153,0.13,0.095,0.241,0.088,0.123,0.284,0.129,0.133,0.483,0.517,74800,92628,58091,239336,53556,1222,58504,1273,8205
22,0,,,15,,21,2013,MA,67.06786,1.403291968,0,0.648985778,-0.164396676,-0.572375422,0,1,0,1,MASSACHUSETTS,-0.409008832,0,,,15,,21,6451500,0.748,0.063,0.106,0.056,0.084,0.203,0.297,0.133,0.223,0.091,0.122,0.283,0.133,0.148,0.484,0.516,91100,89668,43345,292936,17966,275,18411,252,19029
23,9,,,13,,44,2013,MI,98.98982,1.784952681,1,-0.867637389,-0.450974518,-1.350958409,1,0,1,0,MICHIGAN,0.375263908,0,,,4,,35,9664300,0.762,0.136,0.047,0.027,0.127,0.344,0.272,0.13,0.24,0.096,0.107,0.27,0.139,0.149,0.489,0.511,253700,59385,29629,573618,70252,858,74484,997,11527
24,1,,,13,,17,2013,MN,54.18521,0.60115475,0,0.42880662,-0.482867754,-0.44561737,0,1,0,1,MINNESOTA,-0.525589915,0,,,12,,16,5287800,0.82,0.053,0.048,0.045,0.082,0.336,0.244,0.18,0.249,0.087,0.125,0.271,0.131,0.138,0.493,0.507,123500,73314,29896,193304,10903,30,11910,90,8214
25,0,,,6,,22,2013,MS,29.90482,0.013420156,0,-1.719118169,-0.313782517,-0.186839208,1,0,1,0,MISSISSIPPI,2.897654611,0,,,6,,22,2889200,0.576,0.376,0.025,0.01,0.151,0.378,0.331,0.123,0.265,0.096,0.113,0.26,0.127,0.139,0.48,0.52,67400,48616,25800,140135,40869,391,39071,346,2403
26,19,,,27,,42,2013,MO,60.42711,0.777768953,1,-0.705929934,-0.427826414,-0.200021728,1,0,0,1,MISSOURI,0.120905181,0,,,8,,23,5853100,0.806,0.112,0.038,0.017,0.137,0.298,0.253,0.191,0.244,0.093,0.119,0.264,0.131,0.149,0.487,0.513,114900,59548,31511,246509,27496,587,30299,269,8581
27,0,,,7,,10,2013,MT,10.14314,-0.734849668,1,-1.367645408,-0.605134007,-0.49218195,1,0,0,1,MONTA,-1.055503928,0,,,7,,10,986300,0.874,0,0.032,0.01,0.148,0,0.31,0,0.234,0.092,0.111,0.25,0.15,0.162,0.497,0.503,14800,57309,45919,34557,53,0,43,0,1878
28,3,,,5,,9,2013,NE,18.68559,0.515288325,1,-0.335073697,-0.699078256,1.393400151,1,0,1,0,NEBRASKA,-0.610376157,0,,,2,,6,1811200,0.809,0.046,0.099,0.018,0.102,0.342,0.225,0.159,0.264,0.093,0.123,0.254,0.127,0.14,0.494,0.506,23200,65422,27577,51762,3060,0,3240,55,3145
29,5,,,13,,14,2013,NV,27.86464,-0.006882866,1,-1.235173804,2.702659727,-0.405319647,0,1,1,0,NEVADA,-0.228838067,0,,,8,,9,2745400,0.522,0.079,0.276,0.077,0.108,0.278,0.224,0.109,0.25,0.091,0.126,0.273,0.122,0.137,0.499,0.501,37500,67344,38637,162556,9036,121,10650,326,7039
30,0,,,3,,4,2013,NH,13.22687,-2.242068679,0,1.544159698,-0.728702605,-0.928264428,0,0,0,1,NEW HAMPSHIRE,-0.981315966,0,,,3,,4,1280700,0.917,0.01,0.031,0.024,0.08,0,0.206,0.157,0.219,0.082,0.104,0.293,0.15,0.152,0.491,0.509,11100,79589,48495,46542,346,0,470,0,1447
31,11,,,15,,23,2013,NJ,88.99162,0.984347858,0,0.522511271,-0.019249253,-0.810595058,0,1,1,0,NEW JERSEY,0.269281105,0,,,4,,12,8716900,0.575,0.124,0.19,0.09,0.064,0.212,0.221,0.056,0.242,0.084,0.114,0.289,0.128,0.143,0.486,0.515,164100,93252,46843,431275,50177,1020,47743,1158,12002
32,6,,,15,,24,2013,NM,20.85193,-1.265576069,0,-1.582362923,-0.151910305,1.565467133,0,1,1,0,NEW MEXICO,-0.896529724,0,,,9,,18,2040200,0.394,0.016,0.473,0.013,0.123,0.21,0.294,0.175,0.26,0.096,0.115,0.25,0.13,0.149,0.492,0.508,34200,55110,41214,86870,1156,47,1206,5,2819
33,0,,,30,,46,2013,NY,196.73546,2.790183005,0,-0.327684416,0.574868609,-0.355566472,0,1,0,1,NEW YORK,0.438853589,0,,,30,,46,19119600,0.57,0.142,0.184,0.079,0.104,0.242,0.261,0.189,0.229,0.096,0.128,0.277,0.128,0.143,0.484,0.516,228100,80227,41755,856142,102218,2114,108053,2013,77430
34,4,,,33,,40,2013,NC,98.4159,0.253988337,0,-1.68077958,-0.05359428,0.683644512,1,0,1,0,NORTH CAROLI,1.159536647,0,,,29,,36,9522500,0.645,0.21,0.088,0.025,0.125,0.28,0.328,0.146,0.248,0.091,0.114,0.277,0.127,0.143,0.482,0.518,156000,58683,32565,491228,83344,1291,85059,1168,12168
35,0,,,2,,4,2013,ND,7.24019,-0.56061661,0,-0.429956349,-0.722268547,-0.123632278,1,0,1,0,NORTH DAKOTA,-0.938922845,0,,,2,,4,693500,0.874,0.016,0.023,0.01,0.092,0,0.202,0,0.236,0.124,0.122,0.246,0.132,0.14,0.507,0.493,8100,69315,29923,11390,103,0,249,2,2069
36,1,,,28,,50,2013,OH,115.70022,1.431664141,1,-1.124977134,-0.442008835,-0.544669631,1,0,1,0,OHIO,0.184494863,0,,,27,,49,11239600,0.806,0.118,0.033,0.018,0.123,0.334,0.251,0.106,0.242,0.089,0.113,0.269,0.137,0.15,0.487,0.513,335500,62005,28044,536892,55820,849,67502,773,12325
37,10,,,21,,39,2013,OK,38.52415,0.537656007,1,-1.405662724,-0.493530933,2.142164251,1,0,1,0,OKLAHOMA,-0.33482087,0,,,11,,29,3726900,0.677,0.07,0.096,0.017,0.131,0.317,0.234,0.179,0.262,0.096,0.122,0.255,0.123,0.141,0.49,0.51,67700,56963,29949,117778,7566,81,7162,78,4408
38,4,,,13,,18,2013,OR,39.25751,0.694335784,0,-0.063812118,-0.207889114,0.556668667,0,1,0,1,OREGON,-0.907128004,0,,,9,,14,3851600,0.775,0.016,0.123,0.039,0.142,0.32,0.267,0.187,0.229,0.091,0.121,0.266,0.139,0.154,0.493,0.507,84100,65771,32571,206531,2291,106,3649,93,13822
39,24,,,40,,60,2013,PA,127.81338,2.257827564,0,-0.316011494,-0.651106626,-0.50891963,1,0,1,0,PENNSYLVANIA,0.036118939,0,,,16,,36,12344300,0.786,0.104,0.063,0.03,0.098,0.283,0.348,0.191,0.226,0.089,0.112,0.27,0.14,0.163,0.486,0.514,355600,65298,32426,530926,51051,881,54892,924,15086
40,0,,,1,,1,2013,RI,10.53033,0.174614064,0,0.097359882,-0.123314597,-1.674336661,0,1,0,0,RHODE ISLAND,-0.525589915,0,,,1,,1,1008600,0.746,0.052,0.138,0.03,0.082,0.281,0.377,0.127,0.217,0.099,0.116,0.277,0.138,0.154,0.49,0.51,24600,78065,33793,51057,2392,5,2268,56,1384
41,5,,,13,,47,2013,SC,47.67894,0.368782508,0,-1.408661273,-0.228850407,-0.340681777,1,0,1,0,SOUTH CAROLI,1.827228304,0,,,8,,42,4616200,0.642,0.272,0.052,0.013,0.127,0.3,0.297,0.214,0.242,0.094,0.112,0.266,0.133,0.153,0.48,0.52,73500,55187,29670,240779,51287,828,53603,1017,6544
42,1,,,2,,5,2013,SD,8.44922,-1.22024147,1,-0.262358888,-0.72669098,0.298518607,1,0,1,0,SOUTH DAKOTA,-0.928324565,0,,,1,,4,811600,0.837,0.016,0.032,0.01,0.097,0,0.2,0,0.256,0.092,0.12,0.254,0.134,0.145,0.502,0.498,14800,62485,33806,20274,281,0,341,0,1094
43,9,,,21,,33,2013,TN,64.94821,0.114659488,0,-1.54252506,0.107098232,0.184554684,1,0,1,0,TENNESSEE,0.703810596,0,,,12,,24,6318700,0.751,0.166,0.048,0.015,0.145,0.301,0.329,0.094,0.244,0.092,0.116,0.272,0.131,0.146,0.486,0.514,122500,55788,32064,294696,41572,545,41915,535,9528
44,54,,,92,,213,2013,TX,264.73525,0.511474795,0,-0.415070696,0.270097617,2.636578614,1,0,1,0,TEXAS,0.142101742,0,,,38,,159,25773000,0.44,0.113,0.386,0.041,0.094,0.247,0.255,0.108,0.283,0.099,0.128,0.268,0.11,0.112,0.492,0.508,711900,66924,38156,946898,91585,1464,99859,1321,29615
45,0,,,7,,9,2013,UT,29.02663,-0.249297316,0,0.649414142,-0.314690743,-0.02921858,1,0,1,0,UTAH,-0.981315966,0,,,7,,9,2849400,0.796,0.01,0.133,0.022,0.101,0.29,0.243,0.217,0.326,0.11,0.137,0.237,0.093,0.098,0.502,0.498,25200,70777,36441,92118,796,0,1008,0,3277
46,0,,,1,,2,2013,VT,6.2714,-0.461719195,0,-0.220700477,-0.72566416,-1.102810761,0,1,0,1,VERMONT,-0.970717686,0,,,1,,2,602700,0.941,0.01,0.015,0.013,0.127,0,0,0,0.215,0.079,0.106,0.279,0.156,0.167,0.493,0.507,8600,66057,49559,21721,190,0,358,0,1454
47,5,,,17,,29,2013,VA,82.62692,0.154513751,0,1.147708705,-0.182763931,-0.17839589,0,0,1,0,VIRGINIA,0.915776201,0,,,12,,24,7945700,0.638,0.186,0.086,0.059,0.089,0.211,0.158,0.073,0.243,0.09,0.122,0.281,0.128,0.136,0.484,0.516,114600,79215,43885,280939,43756,535,49416,837,7625
48,20,,,30,,41,2013,WA,69.68006,1.22276545,0,0.343026705,-0.140098994,0.131197812,0,1,0,1,WASHINGTON,-0.705760679,0,,,10,,21,6797800,0.71,0.034,0.119,0.077,0.11,0.25,0.268,0.128,0.241,0.091,0.128,0.272,0.131,0.137,0.496,0.504,139200,76022,41325,304350,6652,58,10635,144,17760
49,0,,,10,,11,2013,WV,18.53231,0.205358354,0,-1.784336606,-0.780042443,1.507450312,0,1,0,1,WEST VIRGINIA,-0.73755552,0,,,10,,11,1798200,0.932,0.03,0.012,0.01,0.173,0.316,0.299,0,0.217,0.087,0.106,0.267,0.151,0.173,0.491,0.509,20500,48905,28138,65168,1091,3,1908,18,2240
50,13,,,15,,24,2013,WI,57.42854,1.493445201,0,-0.176150608,-0.33459828,-0.417033717,1,0,1,0,WISCONSIN,-0.440803673,0,,,2,,11,5592500,0.826,0.06,0.063,0.024,0.103,0.375,0.293,0.173,0.241,0.089,0.116,0.271,0.136,0.147,0.495,0.505,98100,66444,27016,220526,14530,174,16702,137,6104
51,1,,,1,,1,2013,WY,5.82684,-1.193252449,0,-0.128816373,-0.471867891,1.757864796,1,0,1,0,WYOMING,-0.949521126,0,,,0,,0,567300,0.85,0.013,0.088,0.01,0.083,0,0.265,0.494,0.251,0.097,0.131,0.248,0.14,0.133,0.504,0.496,9700,69012,33750,15218,44,0,299,0,953
1,0,,,19,18,33,2014,AL,48.43214,0.754928919,0,-1.566192178,-0.330376365,1.087161115,1,0,1,0,ALABAMA,1.721245501,0,,,19,18,33,4714100,0.664,0.263,0.039,0.012,0.135,0.315,0.379,0.136,0.243,0.094,0.113,0.263,0.133,0.154,0.482,0.518,104900,54337,29055,213911,46312,613,42823,567,3970
2,1,,,2,1,4,2014,AK,7.36705,1.492908722,1,1.148672524,-0.276959872,0.483974086,1,0,1,0,ALASKA,-0.7481538,0,,,1,0,3,706600,0.62,0.03,0.066,0.061,0.076,0,0.209,0,0.272,0.109,0.131,0.261,0.131,0.096,0.517,0.483,14600,88221,55897,30180,408,0,1213,0,1956
3,29,,,47,39,57,2014,AZ,67.19993,0.669414696,0,-0.819125153,2.477399667,-0.302767842,1,0,1,0,ARIZO,-0.673965839,0,,,18,10,28,6556200,0.564,0.039,0.305,0.031,0.11,0.258,0.278,0.15,0.255,0.096,0.117,0.251,0.12,0.161,0.49,0.51,133600,61328,39266,280332,8171,164,10132,332,9896
4,0,,,7,6,12,2014,AR,29.66912,0.271294916,1,-1.283043495,-0.457755044,1.154258452,1,0,0,1,ARKANSAS,0.576631233,0,,,7,6,12,2880000,0.736,0.153,0.07,0.012,0.148,0.323,0.306,0.157,0.256,0.089,0.115,0.258,0.127,0.156,0.487,0.513,69100,51972,26733,106664,14414,168,16442,204,2560
5,116,,,172,157,239,2014,CA,386.8081,3.050581263,1,0.383828388,1.993764879,2.575904706,0,1,0,1,CALIFORNIA,-0.493795074,0,,,56,41,123,37981600,0.383,0.054,0.388,0.139,0.104,0.254,0.228,0.116,0.25,0.101,0.131,0.271,0.118,0.129,0.493,0.507,589600,83693,43476,1963430,88507,1884,94954,2369,115738
6,13,,,22,21,25,2014,CO,53.49648,0.849605469,1,0.432340624,0.048027839,0.135028344,0,1,0,1,COLORADO,-0.684564119,0,,,9,8,12,5217000,0.69,0.037,0.212,0.029,0.088,0.2,0.215,0.106,0.247,0.094,0.133,0.271,0.127,0.128,0.498,0.502,119800,76398,41980,200689,6863,70,8071,109,9953
7,2,,,3,1,5,2014,CT,35.91873,0.482621858,0,1.419827012,0.379067583,0.365709028,0,1,0,1,CONNECTICUT,-0.059265583,1,,,1,-1,3,3480400,0.688,0.095,0.151,0.042,0.06,0.186,0.241,0.073,0.231,0.084,0.11,0.283,0.139,0.154,0.486,0.514,62300,91087,42838,168240,14289,526,18533,173,4047
8,2,,,3,4,7,2014,DE,9.34948,0.810654042,0,0.066303484,-0.081262879,-0.281649603,0,1,0,1,DELAWARE,1.148938367,0,,,1,2,5,905300,0.639,0.21,0.089,0.039,0.095,0.221,0.162,0.053,0.234,0.093,0.112,0.261,0.137,0.164,0.482,0.518,23300,71990,46149,36647,5589,82,5903,66,953
9,,,,,,,2014,,,,,,,,,,,,DISTRICT OF COLUMBIA,,,,,,,,623500,0.354,0.482,0.105,0.036,0.066,0.251,0.158,0.128,0.188,0.104,0.213,0.271,0.109,0.115,0.474,0.526,11900,111430,40829,37106,13879,169,14767,245,7298
10,0,,,102,79,118,2014,FL,198.88741,0.944996108,1,-1.15260662,0.987240957,-0.482176286,1,0,1,0,FLORIDA,0.555434672,0,,,102,79,118,19431100,0.557,0.153,0.243,0.026,0.116,0.269,0.218,0.136,0.217,0.088,0.111,0.261,0.131,0.192,0.485,0.515,382600,57046,34467,946524,122140,2258,127179,2807,35900
11,9,,,31,27,53,2014,GA,100.87231,-0.085839594,0,-0.786890753,-0.105587776,-0.513784123,1,0,1,0,GEORGIA,2.187569833,0,,,22,18,44,9792900,0.545,0.306,0.092,0.037,0.121,0.276,0.301,0.108,0.264,0.094,0.121,0.278,0.119,0.124,0.482,0.519,579600,63671,36356,488862,118937,1356,114540,1838,13790
12,0,,,4,2,4,2014,HI,14.16349,0.995019599,0,1.533557686,4.087039125,-1.712070026,0,1,0,1,HAWAII,-0.875333164,0,,,4,2,4,1348100,0.217,0.017,0.099,0.374,0.105,0,0.149,0.109,0.233,0.087,0.126,0.256,0.132,0.167,0.491,0.509,28300,86430,61829,43236,641,0,629,7,7620
13,0,,,4,4,4,2014,ID,16.33532,-0.021507813,0,-0.371056283,-0.411293324,-0.219028272,1,0,1,0,IDAHO,-1.023709087,0,,,4,4,4,1598800,0.829,0.01,0.121,0.014,0.129,0,0.253,0.137,0.278,0.094,0.114,0.246,0.124,0.144,0.496,0.504,48600,57408,33391,56283,320,0,349,0,1966
14,16,,,36,30,57,2014,IL,128.67544,1.425166197,0,-0.212775741,-0.158477796,-1.13674437,0,1,0,1,ILLINOIS,0.407058748,0,,,20,14,41,12569400,0.623,0.138,0.168,0.051,0.093,0.312,0.195,0.111,0.246,0.093,0.124,0.272,0.128,0.137,0.488,0.512,219000,72851,34174,620086,89246,1287,86860,1136,13177
15,10,,,11,10,21,2014,IN,65.95233,0.700957341,0,-0.946991842,-0.241691151,-0.998376172,1,0,1,0,INDIA,-0.112256985,0,,,1,0,11,6386700,0.805,0.091,0.065,0.019,0.121,0.315,0.279,0.167,0.254,0.093,0.116,0.266,0.13,0.142,0.49,0.51,175200,60618,30531,269392,24567,377,23697,319,5863
16,3,,,10,8,18,2014,IA,31.0803,0.770128654,0,0.0971457,-0.509372246,0.429676292,0,0,1,0,IOWA,-0.758752081,0,,,7,5,15,3002100,0.873,0.033,0.055,0.021,0.106,0.345,0.205,0.176,0.248,0.09,0.116,0.255,0.134,0.156,0.497,0.503,46500,64199,27745,81452,2818,0,3339,135,3081
17,2,,,15,14,27,2014,KS,28.9936,-0.120516554,0,-0.370413737,-0.618658182,-0.218178209,1,0,1,0,KANSAS,-0.483196794,0,,,13,12,25,2810700,0.77,0.054,0.114,0.025,0.106,0.247,0.279,0.134,0.266,0.095,0.119,0.251,0.128,0.141,0.491,0.509,37400,65700,32903,89727,5675,34,5886,81,2588
18,2,,,20,18,27,2014,KY,44.13057,0.092229628,0,-1.511789935,-0.666585561,-0.137252182,0,0,0,1,KENTUCKY,-0.260632908,0,,,18,16,25,4268800,0.858,0.075,0.033,0.012,0.167,0.322,0.346,0.233,0.243,0.091,0.113,0.271,0.134,0.148,0.491,0.509,103600,55166,28858,180101,12623,103,12264,165,4538
19,9,,,26,21,46,2014,LA,46.4788,0.348912375,1,-1.552484526,0.330332977,-0.220388374,1,0,1,0,LOUISIA,2.314749196,0,,,17,12,37,4508500,0.596,0.319,0.047,0.017,0.121,0.33,0.254,0.126,0.256,0.098,0.126,0.256,0.128,0.136,0.482,0.518,113600,57681,28116,176490,43041,688,46208,489,4081
20,6,,,6,6,8,2014,ME,13.30719,-0.261700485,1,-0.556109583,-0.704272618,-1.042314589,0,1,1,0,MAINE,-0.960119406,0,,,0,0,2,1293800,0.938,0.012,0.012,0.01,0.136,0.484,0.131,0,0.204,0.079,0.102,0.274,0.16,0.182,0.482,0.518,10100,60154,24370,47456,415,3,607,0,2372
21,11,,,24,18,31,2014,MD,59.67295,0.9394407,0,2.062801556,0.78003391,-1.157052896,0,1,0,1,MARYLAND,2.007399069,0,,,13,7,20,5819300,0.525,0.291,0.094,0.062,0.069,0.139,0.135,0.101,0.24,0.089,0.124,0.28,0.131,0.137,0.482,0.518,109700,93724,58657,237611,54350,1525,58352,1337,8390
22,0,,,6,4,12,2014,MA,67.49911,1.403291968,0,0.669118892,-0.150744194,-0.572375422,0,1,0,1,MASSACHUSETTS,-0.398410552,0,,,6,4,12,6506500,0.74,0.065,0.108,0.06,0.075,0.211,0.312,0.144,0.221,0.092,0.123,0.279,0.135,0.15,0.485,0.515,90300,91408,42895,280794,17619,220,17614,342,21135
23,13,,,22,19,52,2014,MI,99.15767,1.784952681,1,-0.524517729,-0.455243175,-1.350958409,1,0,1,0,MICHIGAN,0.375263908,0,,,9,6,39,9682700,0.76,0.136,0.048,0.028,0.122,0.322,0.245,0.158,0.236,0.096,0.109,0.265,0.14,0.154,0.489,0.511,256700,60317,29628,515558,66373,878,69659,971,10516
24,7,,,12,7,17,2014,MN,54.53109,0.60115475,0,1.107442477,-0.453700581,-0.44561737,0,1,0,1,MINNESOTA,-0.493795074,0,,,5,0,10,5330400,0.815,0.056,0.051,0.047,0.08,0.374,0.207,0.129,0.247,0.087,0.127,0.266,0.133,0.14,0.495,0.505,120500,74687,29873,175970,10524,56,11875,40,7546
25,1,,,18,16,32,2014,MS,29.924,0.013420156,0,-2.289806268,-0.321376796,-0.186839208,1,0,1,0,MISSISSIPPI,2.908252891,0,,,17,15,31,2886800,0.576,0.375,0.025,0.01,0.136,0.351,0.285,0.155,0.263,0.094,0.112,0.259,0.128,0.144,0.481,0.519,69700,49112,26384,138796,40548,382,38271,402,1983
26,15,,,28,24,51,2014,MO,60.6093,0.777768953,1,-0.029221715,-0.421502483,-0.200021728,1,0,0,1,MISSOURI,0.142101742,0,,,13,9,36,5870200,0.802,0.114,0.038,0.017,0.129,0.28,0.237,0.156,0.243,0.091,0.12,0.261,0.133,0.152,0.487,0.513,109500,60313,31831,234561,26736,510,29225,226,6482
27,1,,,6,6,6,2014,MT,10.22867,-0.734849668,1,-0.621220929,-0.604886571,-0.49218195,1,0,0,1,MONTA,-1.023709087,0,,,5,5,5,993700,0.87,0.01,0.033,0.01,0.135,0.355,0.287,0.325,0.231,0.096,0.111,0.245,0.151,0.167,0.496,0.504,14500,58190,36842,32500,54,0,105,0,1709
28,1,,,6,6,11,2014,NE,18.81145,0.515288325,1,-0.003519868,-0.693426387,1.393400151,1,0,1,0,NEBRASKA,-0.599777877,0,,,5,5,10,1823700,0.806,0.046,0.101,0.019,0.099,0.296,0.248,0,0.266,0.089,0.122,0.252,0.128,0.143,0.498,0.502,22500,66950,28376,49301,2811,18,3113,55,2744
29,11,,,22,22,27,2014,NV,28.33013,-0.006882866,1,-0.752621623,2.716841706,-0.405319647,0,1,1,0,NEVADA,-0.218239787,0,,,11,11,16,2795200,0.514,0.08,0.279,0.077,0.106,0.267,0.208,0.1,0.245,0.093,0.126,0.272,0.122,0.142,0.499,0.501,37500,66937,37269,153654,9083,253,10619,287,8743
30,0,,,1,1,1,2014,NH,13.28743,-2.242068679,0,1.766373585,-0.724156018,-0.928264428,0,0,0,1,NEW HAMPSHIRE,-0.960119406,0,,,1,1,1,1286500,0.913,0.011,0.032,0.025,0.086,0,0.202,0,0.217,0.085,0.103,0.286,0.153,0.157,0.493,0.507,11200,80867,49815,43176,342,0,386,0,1445
31,14,,,18,14,18,2014,NJ,89.25001,0.984347858,0,0.893153326,-0.001591253,-0.810595058,0,1,1,0,NEW JERSEY,0.269281105,0,,,4,0,4,8756200,0.568,0.125,0.194,0.092,0.065,0.198,0.211,0.064,0.239,0.085,0.114,0.285,0.131,0.145,0.487,0.513,164500,94365,46640,415311,49065,977,47987,1243,10098
32,10,,,20,19,25,2014,NM,20.83024,-1.265576069,0,-1.094134918,-0.175981312,1.565467133,0,1,1,0,NEW MEXICO,-0.896529724,0,,,10,9,15,2036700,0.387,0.017,0.478,0.015,0.137,0.189,0.257,0.122,0.254,0.102,0.115,0.244,0.133,0.153,0.489,0.511,32500,55397,40960,86069,1175,35,1112,11,2629
33,0,,,27,21,41,2014,NY,197.18515,2.790183005,0,-0.277672905,0.573071078,-0.355566472,0,1,0,1,NEW YORK,0.438853589,0,,,27,21,41,19216400,0.564,0.143,0.187,0.081,0.101,0.219,0.256,0.18,0.227,0.095,0.129,0.274,0.129,0.146,0.484,0.516,222100,81101,41598,830485,100462,2294,108122,2085,88250
34,4,,,35,25,50,2014,NC,99.34399,0.253988337,0,-1.083639997,-0.032739091,0.683644512,1,0,1,0,NORTH CAROLI,1.180733208,0,,,31,21,46,9632900,0.641,0.213,0.09,0.024,0.118,0.271,0.328,0.112,0.246,0.091,0.114,0.274,0.128,0.147,0.481,0.519,153600,59204,32930,469573,82884,1295,83333,1139,10685
35,0,,,1,1,2,2014,ND,7.39904,-0.56061661,0,0.409851508,-0.713895992,-0.123632278,1,0,1,0,NORTH DAKOTA,-0.875333164,0,,,1,1,2,708400,0.87,0.02,0.024,0.01,0.089,0,0.195,0.454,0.241,0.118,0.134,0.238,0.13,0.14,0.508,0.492,9300,72034,29012,11052,91,0,326,2,1305
36,4,,,31,28,46,2014,OH,115.94408,1.431664141,1,-0.777359651,-0.423232914,-0.544669631,1,0,1,0,OHIO,0.195093143,0,,,27,24,42,11270300,0.803,0.12,0.034,0.019,0.122,0.342,0.284,0.146,0.241,0.089,0.114,0.265,0.138,0.153,0.488,0.512,326300,62909,27909,492894,54799,875,64441,835,11182
37,16,,,29,27,44,2014,OK,38.77499,0.537656007,1,-1.039197219,-0.515469307,2.142164251,1,0,1,0,OKLAHOMA,-0.31362431,0,,,13,11,28,3749500,0.672,0.07,0.098,0.02,0.129,0.298,0.274,0.144,0.26,0.097,0.122,0.253,0.124,0.145,0.489,0.511,69600,57888,30484,114861,7442,114,7268,110,3777
38,6,,,17,16,18,2014,OR,39.68371,0.694335784,0,0.211197647,-0.206718144,0.556668667,0,1,0,1,OREGON,-0.907128004,0,,,11,10,12,3889600,0.77,0.017,0.125,0.04,0.132,0.388,0.261,0.175,0.227,0.087,0.125,0.262,0.139,0.16,0.492,0.508,82700,66256,33505,192290,2206,131,3578,80,13226
39,5,,,18,15,34,2014,PA,127.90565,2.257827564,0,-0.185253346,-0.64274877,-0.50891963,1,0,1,0,PENNSYLVANIA,0.036118939,0,,,13,10,29,12368000,0.781,0.104,0.065,0.031,0.099,0.283,0.302,0.153,0.225,0.087,0.116,0.265,0.142,0.166,0.487,0.513,360800,66298,32606,507513,52030,804,55608,785,15421
40,1,,,1,1,1,2014,RI,10.5448,0.174614064,0,0.185281618,-0.103484383,-1.674336661,0,1,0,1,RHODE ISLAND,-0.504393354,0,,,0,0,0,1013700,0.741,0.054,0.142,0.032,0.103,0.185,0.32,0,0.218,0.095,0.119,0.272,0.138,0.158,0.484,0.517,25100,78894,33969,48980,2278,3,2099,56,1111
41,5,,,22,18,33,2014,SC,48.2843,0.368782508,0,-1.282293857,-0.338399167,-0.340681777,1,0,1,0,SOUTH CAROLI,1.784835183,0,,,17,13,28,4674300,0.641,0.271,0.053,0.014,0.118,0.297,0.311,0.121,0.24,0.091,0.114,0.263,0.134,0.159,0.481,0.519,71900,55527,29971,224825,49035,862,50661,911,5354
42,3,,,3,3,3,2014,SD,8.52561,-1.22024147,1,-0.41228633,-0.716047116,0.298518607,1,0,1,0,SOUTH DAKOTA,-0.907128004,0,,,0,0,0,821600,0.836,0.015,0.033,0.01,0.092,0,0.378,0.457,0.261,0.095,0.117,0.245,0.134,0.148,0.5,0.5,14500,63903,33516,19286,342,0,298,0,1036
43,12,,,25,21,34,2014,TN,65.44663,0.114659488,0,-1.412195277,0.106317827,0.184554684,1,0,1,0,TENNESSEE,0.693212316,0,,,13,9,22,6374800,0.748,0.165,0.049,0.016,0.144,0.308,0.366,0.146,0.242,0.093,0.115,0.268,0.132,0.15,0.484,0.516,119900,56400,32361,276290,41103,575,38559,577,9123
44,50,,,107,96,218,2014,TX,269.44751,0.511474795,0,-0.324257503,0.227631324,2.636578614,1,0,1,0,TEXAS,0.152700022,0,,,57,46,168,26280100,0.435,0.114,0.388,0.043,0.092,0.231,0.252,0.112,0.281,0.098,0.129,0.266,0.111,0.115,0.491,0.509,699300,68067,38709,912286,90459,1567,98473,1395,23678
45,3,,,19,18,28,2014,UT,29.41836,-0.249297316,0,0.693964011,-0.272206031,-0.02921858,1,0,1,0,UTAH,-0.970717686,0,,,16,15,25,2891800,0.794,0.01,0.134,0.023,0.089,0.234,0.239,0.176,0.324,0.108,0.135,0.237,0.096,0.101,0.5,0.5,25700,71918,39915,87021,818,0,1004,0,3025
46,1,,,1,1,2,2014,VT,6.26984,-0.461719195,0,0.407495505,-0.744196284,-1.102810761,0,1,0,1,VERMONT,-0.991914247,0,,,0,0,1,6.00E+05,0.934,0.01,0.015,0.02,0.098,0,0,0,0.207,0.085,0.107,0.271,0.16,0.171,0.487,0.513,8400,66471,54531,20107,180,0,246,0,1523
47,2,,,11,12,28,2014,VA,83.17372,0.154513751,0,0.990820346,-0.167321802,-0.17839589,1,0,0,1,VIRGINIA,0.915776201,0,,,9,10,26,8006000,0.631,0.187,0.088,0.062,0.089,0.215,0.152,0.084,0.242,0.092,0.122,0.276,0.129,0.14,0.484,0.516,115300,80325,44288,272439,43253,563,48096,749,7001
48,24,,,35,33,44,2014,WA,70.54196,1.22276545,0,0.231866216,-0.113365723,0.131197812,0,1,0,1,WASHINGTON,-0.72695724,0,,,11,9,20,6887600,0.703,0.033,0.122,0.078,0.105,0.229,0.227,0.135,0.24,0.092,0.128,0.268,0.132,0.141,0.497,0.503,133000,76673,42120,287804,6618,62,10281,184,19419
49,1,,,8,7,10,2014,WV,18.48514,0.205358354,0,-1.858122326,-0.787481659,1.507450312,0,1,0,1,WEST VIRGINIA,-0.705760679,0,,,7,6,9,1791600,0.929,0.035,0.012,0.01,0.171,0.301,0.316,0.187,0.217,0.087,0.106,0.262,0.149,0.179,0.492,0.508,19600,49643,28993,63078,1101,4,1748,24,1835
50,9,,,10,10,17,2014,WI,57.58377,1.493445201,0,0.126060278,-0.325390095,-0.417033717,1,0,1,0,WISCONSIN,-0.430205393,1,,,1,1,8,5603600,0.824,0.059,0.064,0.026,0.095,0.351,0.274,0.213,0.238,0.092,0.115,0.267,0.137,0.151,0.494,0.506,97300,67186,26968,204126,13962,162,15464,164,6057
51,0,,,3,3,3,2014,WY,5.83642,-1.193252449,0,-0.129887283,-0.471454454,1.757864796,1,0,1,0,WYOMING,-0.981315966,0,,,3,3,3,568500,0.843,0.011,0.097,0.01,0.093,0,0.297,0.278,0.248,0.093,0.129,0.253,0.143,0.135,0.507,0.493,9700,70230,36479,14774,45,0,376,0,798
1,0,17,19,21,18,39,2015,AL,48.53875,-1.050421107,0,-1.32727209,-0.323404977,1.087161115,1,0,1,0,ALABAMA,1.742442062,0,17,19,21,18,39,4730100,0.662,0.265,0.04,0.012,0.133,0.307,0.344,0.124,0.243,0.09,0.115,0.261,0.134,0.158,0.481,0.519,107500,54695,29180,194005,42610,649,38418,473,3970
2,2,4,5,5,4,5,2015,AK,7.37709,0.262412984,1,1.950034702,-0.276959872,0.483974086,1,0,0,0,ALASKA,-0.72695724,0,2,3,3,2,3,4730100,0.615,0.032,0.067,0.069,0.076,0,0,0,0.271,0.111,0.136,0.251,0.131,0.1,0.514,0.486,13900,88430,51944,29362,363,0,1073,21,1956
3,33,42,44,43,41,45,2015,AZ,68.17565,-0.002734457,0,-0.498494609,2.448580671,-0.302767842,1,0,1,0,ARIZO,-0.652769278,0,9,11,10,8,12,4730100,0.558,0.04,0.307,0.031,0.114,0.243,0.255,0.126,0.251,0.095,0.117,0.25,0.121,0.166,0.49,0.51,136300,61644,39483,253937,7891,116,9308,416,9896
4,0,5,5,6,5,11,2015,AR,29.77853,-0.72174745,1,-1.510504842,-0.463978438,1.154258452,1,0,1,0,ARKANSAS,0.576631233,0,5,5,6,5,11,4730100,0.731,0.155,0.071,0.014,0.146,0.333,0.368,0.193,0.25,0.09,0.116,0.256,0.128,0.159,0.486,0.514,73200,52096,26731,97728,13436,199,15317,176,2560
5,130,190,211,213,196,267,2015,CA,389.9394,1.810210281,1,0.721058041,1.991774567,2.575904706,0,1,0,1,CALIFORNIA,-0.493795074,0,60,81,83,66,137,4730100,0.378,0.054,0.389,0.141,0.101,0.225,0.21,0.114,0.246,0.1,0.132,0.269,0.12,0.133,0.493,0.507,550600,84199,43087,1782151,82367,1842,89299,2409,115738
6,14,29,32,30,28,30,2015,CO,54.48819,0.150705314,1,1.03804749,0.045106517,0.135028344,0,0,0,1,COLORADO,-0.673965839,0,15,18,16,14,16,4730100,0.686,0.039,0.214,0.03,0.082,0.191,0.195,0.167,0.245,0.093,0.136,0.268,0.128,0.131,0.498,0.502,120000,77428,42150,178341,6192,48,7255,106,9953
7,0,2,4,4,2,4,2015,CT,35.8473,-0.217361153,0,1.711971342,0.354430654,0.365709028,0,1,0,1,CONNECTICUT,-0.038069023,1,2,4,4,2,4,4730100,0.68,0.099,0.155,0.043,0.058,0.187,0.252,0.062,0.229,0.087,0.108,0.278,0.142,0.156,0.487,0.513,61000,92047,42917,155430,13838,567,17262,215,4047
8,3,3,4,4,3,7,2015,DE,9.44076,0.115911934,0,0.091362785,-0.007249521,-0.281649603,0,1,0,1,DELAWARE,1.159536647,0,0,1,1,0,4,4730100,0.632,0.209,0.091,0.039,0.079,0.227,0.299,0.092,0.231,0.09,0.115,0.258,0.138,0.169,0.479,0.522,22700,71856,47242,33141,4751,62,5466,75,953
9,,,,,,,2015,,,,,,,,,,,,DISTRICT OF COLUMBIA,,,,,,,,4730100,0.355,0.472,0.107,0.037,0.069,0.252,0.127,0.107,0.189,0.105,0.212,0.27,0.111,0.113,0.475,0.525,10600,113632,40677,34512,13065,191,13175,295,7298
10,0,61,71,82,66,87,2015,FL,202.44914,-0.084108513,1,-0.865067204,1.023603749,-0.482176286,1,0,1,0,FLORIDA,0.555434672,0,61,71,82,66,87,4730100,0.552,0.153,0.247,0.027,0.111,0.249,0.206,0.125,0.215,0.086,0.112,0.259,0.133,0.196,0.484,0.516,375800,57539,34664,845533,113304,2105,117346,2630,35900
11,6,29,39,40,30,52,2015,GA,101.99398,-0.78107789,0,-0.656989333,-0.092855736,-0.513784123,1,0,1,0,GEORGIA,2.187569833,0,23,33,34,24,46,4730100,0.54,0.307,0.093,0.038,0.112,0.25,0.271,0.107,0.263,0.092,0.12,0.277,0.121,0.127,0.482,0.518,540000,63965,36655,440556,111147,1344,103693,1830,13790
12,2,2,5,4,2,6,2015,HI,14.25157,-0.101556317,0,0.815083965,4.073220786,-1.712070026,0,1,0,1,HAWAII,-0.885931444,0,0,3,2,0,4,4730100,0.217,0.015,0.101,0.369,0.101,0,0.171,0.104,0.233,0.089,0.125,0.252,0.131,0.17,0.49,0.51,28300,87777,62115,39327,562,0,636,14,7620
13,2,7,8,8,6,8,2015,ID,16.52828,-1.018877744,0,-0.565319411,-0.404931529,-0.219028272,1,0,1,0,IDAHO,-1.034307368,0,5,6,6,4,6,4730100,0.828,0.01,0.119,0.011,0.129,0,0.21,0.13,0.276,0.092,0.115,0.246,0.125,0.147,0.497,0.503,48700,57628,37928,50005,344,0,370,10,1966
14,6,21,23,23,22,31,2015,IL,128.39047,0.766943586,0,0.375903651,-0.132699624,-1.13674437,0,1,1,0,ILLINOIS,0.407058748,0,15,17,17,16,25,4730100,0.619,0.139,0.17,0.052,0.087,0.287,0.2,0.117,0.243,0.094,0.124,0.27,0.129,0.141,0.487,0.513,215100,73408,33730,562783,83983,1277,82374,1289,13177
15,5,19,21,22,20,35,2015,IN,66.12768,-0.748760596,0,-0.526873732,-0.228149982,-0.998376172,1,0,1,0,INDIA,-0.133453545,0,14,16,17,15,30,4730100,0.801,0.09,0.066,0.02,0.12,0.299,0.274,0.182,0.253,0.095,0.114,0.262,0.132,0.145,0.49,0.51,166000,61173,30349,239622,23203,324,22147,300,5863
16,4,5,5,5,5,10,2015,IA,31.21997,-0.257898883,0,0.423237887,-0.503796141,0.429676292,0,0,1,0,IOWA,-0.73755552,0,1,1,1,1,6,4730100,0.869,0.031,0.056,0.022,0.104,0.364,0.309,0.257,0.246,0.092,0.116,0.252,0.136,0.158,0.495,0.505,46700,64778,28670,74373,2818,0,3405,128,3081
17,1,9,11,13,10,22,2015,KS,29.06721,-0.798674942,0,-0.218237383,-0.614059575,-0.218178209,1,0,1,0,KANSAS,-0.472598514,0,8,10,12,9,21,4730100,0.765,0.057,0.116,0.029,0.1,0.261,0.209,0.162,0.264,0.093,0.119,0.251,0.13,0.144,0.493,0.507,37400,66166,33677,80555,4764,42,5311,80,2588
18,5,16,19,18,16,22,2015,KY,44.24611,-0.754892825,0,-1.554519256,-0.653951213,-0.137252182,0,0,0,1,KENTUCKY,-0.250034628,0,11,14,13,11,17,4730100,0.855,0.078,0.033,0.014,0.166,0.292,0.304,0.143,0.242,0.09,0.112,0.267,0.136,0.152,0.489,0.511,103700,55688,29358,162871,11184,105,11500,189,4538
19,10,27,27,30,26,46,2015,LA,46.6896,-0.600495268,1,-1.175952465,0.413471169,-0.220388374,1,0,1,0,LOUISIA,2.293552636,0,17,17,20,16,36,4730100,0.594,0.318,0.049,0.017,0.126,0.317,0.244,0.145,0.255,0.096,0.126,0.253,0.13,0.14,0.483,0.517,114600,58260,27756,166201,40303,557,42898,504,4081
20,2,2,2,2,2,4,2015,ME,13.29453,-0.771550056,1,-0.658274425,-0.700703052,-1.042314589,0,0,1,0,MAINE,-0.981315966,0,0,0,0,0,2,4730100,0.937,0.011,0.015,0.011,0.12,0.491,0.219,0,0.2,0.08,0.1,0.269,0.161,0.19,0.489,0.511,10100,60643,23453,43256,361,3,728,0,2372
21,9,15,17,20,16,24,2015,MD,59.94983,-0.199421661,0,1.787470518,0.975719891,-1.157052896,0,1,1,0,MARYLAND,1.986202508,0,6,8,11,7,15,4730100,0.519,0.288,0.095,0.064,0.068,0.149,0.149,0.074,0.237,0.091,0.122,0.277,0.133,0.141,0.48,0.52,104500,94111,59021,219768,50782,1475,52687,1310,8390
22,0,9,10,12,9,13,2015,MA,67.8424,1.027932149,0,1.173517643,-0.138375548,-0.572375422,0,1,1,0,MASSACHUSETTS,-0.366615711,0,9,10,12,9,13,4730100,0.731,0.067,0.111,0.063,0.076,0.203,0.276,0.135,0.218,0.091,0.125,0.275,0.138,0.153,0.485,0.515,86900,92207,42959,254379,15896,212,15812,405,21135
23,20,16,20,19,16,43,2015,MI,99.17715,0.659795242,1,-0.289131645,-0.443940443,-1.350958409,1,0,1,0,MICHIGAN,0.364665627,0,-4,0,-1,-4,23,4730100,0.757,0.136,0.049,0.029,0.12,0.327,0.233,0.156,0.235,0.095,0.111,0.261,0.141,0.159,0.489,0.511,250200,60899,29678,443309,60200,781,63339,839,10516
24,6,12,13,14,12,14,2015,MN,54.82435,0.19763154,0,1.266579748,-0.442326097,-0.44561737,0,0,0,1,MINNESOTA,-0.483196794,0,6,7,8,6,8,4730100,0.811,0.057,0.051,0.048,0.07,0.33,0.214,0.168,0.246,0.085,0.125,0.265,0.135,0.144,0.497,0.503,121600,75507,30314,153069,9383,54,11441,55,7546
25,0,8,12,14,9,20,2015,MS,29.8939,-0.852592111,0,-1.806183176,-0.314072741,-0.186839208,1,0,1,0,MISSISSIPPI,2.897654611,0,8,12,14,9,20,4730100,0.573,0.377,0.027,0.01,0.132,0.345,0.298,0.141,0.263,0.094,0.109,0.257,0.128,0.148,0.478,0.522,71900,49283,26549,130561,39598,417,35584,377,1983
26,15,21,21,24,21,37,2015,MO,60.76204,0.12662876,1,0.245573868,-0.424943089,-0.200021728,1,0,0,1,MISSOURI,0.142101742,0,6,6,9,6,22,4730100,0.802,0.113,0.039,0.019,0.122,0.272,0.267,0.121,0.243,0.093,0.116,0.257,0.136,0.155,0.488,0.512,106000,60797,31977,208408,24356,503,26646,224,6482
27,0,4,4,4,4,5,2015,MT,10.32073,-0.847576596,1,-0.589843257,-0.567526511,-0.49218195,1,0,0,1,MONTA,-1.044905648,0,4,4,4,4,5,4730100,0.869,0,0.036,0.01,0.124,0,0.147,0,0.229,0.092,0.114,0.243,0.149,0.173,0.502,0.498,14700,59004,31074,30065,21,0,132,0,1709
28,1,8,9,10,8,16,2015,NE,18.93765,-0.342212095,1,0.382436204,-0.691745279,1.393400151,1,0,1,0,NEBRASKA,-0.589179597,0,7,8,9,7,15,4730100,0.802,0.048,0.104,0.02,0.091,0.321,0.241,0.207,0.264,0.094,0.119,0.249,0.129,0.146,0.496,0.504,22300,67891,29967,42687,2236,20,2483,26,2744
29,17,19,19,20,19,22,2015,NV,28.83758,-0.291670962,1,-0.524196456,2.743056881,-0.405319647,1,0,1,0,NEVADA,-0.218239787,0,2,2,3,2,5,4730100,0.506,0.081,0.282,0.08,0.104,0.267,0.205,0.105,0.243,0.09,0.126,0.271,0.124,0.148,0.497,0.503,38300,66673,37566,137875,8141,276,10007,200,8743
30,0,3,3,4,3,5,2015,NH,13.30111,-3.210678702,0,2.010326951,-0.71960885,-0.928264428,1,0,0,1,NEW HAMPSHIRE,-0.938922845,0,3,3,4,3,5,4730100,0.913,0.011,0.033,0.025,0.073,0.228,0.185,0.093,0.213,0.083,0.105,0.279,0.157,0.163,0.495,0.505,10900,81842,50103,38067,352,0,500,0,1445
31,13,15,24,24,18,31,2015,NJ,89.35421,0.658675675,0,1.226634794,0.10568398,-0.810595058,0,1,1,0,NEW JERSEY,0.258682825,0,2,11,11,5,18,4730100,0.562,0.124,0.197,0.095,0.061,0.181,0.2,0.066,0.237,0.086,0.114,0.282,0.134,0.148,0.486,0.514,183500,95042,46546,378569,46069,936,45239,1173,10098
32,5,20,21,20,20,25,2015,NM,20.80328,-1.219796979,0,-1.261946562,-0.136254366,1.565467133,0,0,1,0,NEW MEXICO,-0.875333164,0,15,16,15,15,20,4730100,0.383,0.017,0.482,0.014,0.124,0.241,0.257,0.109,0.255,0.093,0.116,0.243,0.132,0.16,0.492,0.508,25000,55284,38146,82100,1330,30,1069,19,2629
33,15,19,27,28,19,30,2015,NY,197.47183,1.495078815,0,0.118028451,0.592327611,-0.355566472,0,0,0,1,NEW YORK,0.438853589,1,4,12,13,4,15,4730100,0.559,0.142,0.189,0.085,0.098,0.223,0.254,0.159,0.225,0.095,0.13,0.271,0.131,0.149,0.484,0.516,216700,81547,41615,771773,95471,2234,103458,2337,88250
34,1,23,26,28,23,33,2015,NC,100.35186,0.472700683,0,-0.653883693,-0.035202091,0.683644512,1,0,1,0,NORTH CAROLI,1.170134928,0,22,25,27,22,32,4730100,0.638,0.212,0.091,0.027,0.116,0.249,0.327,0.117,0.244,0.09,0.115,0.271,0.129,0.151,0.483,0.517,151200,59651,32798,420248,76381,1461,76950,1141,10685
35,0,1,1,1,1,2,2015,ND,7.56835,-1.701546573,0,0.054844743,-0.680874113,-0.123632278,1,0,1,0,NORTH DAKOTA,-0.875333164,0,1,1,1,1,2,4730100,0.862,0.014,0.034,0.012,0.099,0,0,0,0.246,0.108,0.136,0.24,0.129,0.141,0.509,0.491,10100,73803,29525,10376,57,0,263,0,1305
36,2,29,36,39,31,52,2015,OH,116.0509,0.802303892,1,-0.385727754,-0.402326674,-0.544669631,1,0,1,0,OHIO,0.195093143,0,27,34,37,29,50,4730100,0.799,0.12,0.035,0.02,0.113,0.323,0.267,0.151,0.24,0.088,0.115,0.261,0.139,0.157,0.488,0.512,331500,63617,28003,436910,52104,840,59329,807,11182
37,10,32,37,39,34,49,2015,OK,39.07414,0.088925997,1,-1.052262325,-0.518833081,2.142164251,1,0,1,0,OKLAHOMA,-0.32422259,0,22,27,29,24,39,4730100,0.667,0.069,0.101,0.02,0.125,0.287,0.252,0.183,0.263,0.091,0.123,0.249,0.127,0.147,0.491,0.509,73100,58564,30560,106196,7080,133,7114,91,3777
38,3,15,17,18,15,19,2015,OR,40.24634,-0.081175708,0,0.420988975,-0.109316799,0.556668667,0,1,0,1,OREGON,-0.896529724,0,12,14,15,12,16,4730100,0.767,0.017,0.127,0.04,0.127,0.359,0.258,0.142,0.224,0.089,0.124,0.262,0.137,0.165,0.492,0.508,82900,67070,32481,171217,2206,125,3231,54,13226
39,11,18,24,24,19,48,2015,PA,127.91904,0.605283123,0,0.373333467,-0.644129197,-0.50891963,1,0,0,1,PENNSYLVANIA,0.025520659,0,7,13,13,8,37,4730100,0.776,0.102,0.067,0.033,0.09,0.278,0.31,0.154,0.224,0.086,0.115,0.261,0.143,0.17,0.486,0.514,374200,66959,32493,469804,49962,745,53439,814,15421
40,0,0,1,0,0,1,2015,RI,10.55607,-0.937609965,0,-0.128709282,-0.120398389,-1.674336661,0,1,0,1,RHODE ISLAND,-0.514991635,0,0,1,0,0,1,4730100,0.733,0.052,0.146,0.033,0.095,0.193,0.285,0.212,0.216,0.096,0.12,0.268,0.142,0.159,0.484,0.516,25300,80080,36209,43777,2324,4,1901,44,1111
41,11,19,21,21,20,34,2015,SC,48.94834,-0.418577419,0,-1.129046593,-0.131498593,-0.340681777,1,0,1,0,SOUTH CAROLI,1.795433463,0,8,10,10,9,23,4730100,0.64,0.27,0.053,0.014,0.116,0.26,0.271,0.174,0.236,0.094,0.112,0.26,0.135,0.164,0.482,0.518,70100,55906,30221,202683,44976,945,46995,699,5354
42,2,3,2,3,2,5,2015,SD,8.57919,-1.701640368,1,-0.196819177,-0.720858637,0.298518607,1,0,1,0,SOUTH DAKOTA,-0.928324565,0,1,0,1,0,3,4730100,0.829,0.014,0.034,0.012,0.087,0.478,0,0,0.262,0.089,0.119,0.241,0.136,0.155,0.501,0.499,15000,64701,31758,18447,288,0,188,0,1036
43,10,20,21,24,22,26,2015,TN,65.95056,-0.563471751,0,-1.025168294,0.062012638,0.184554684,1,0,1,0,TENNESSEE,0.682614035,0,10,11,14,12,16,4730100,0.745,0.166,0.051,0.016,0.139,0.257,0.296,0.086,0.241,0.091,0.116,0.266,0.132,0.154,0.484,0.516,119900,57029,32344,246810,38007,645,35399,530,9123
44,52,100,112,115,106,197,2015,TX,274.29639,0.397019644,0,-0.046035007,0.252516348,2.636578614,1,0,1,0,TEXAS,0.152700022,0,48,60,63,54,145,4730100,0.43,0.115,0.391,0.045,0.086,0.213,0.227,0.107,0.28,0.097,0.129,0.265,0.113,0.117,0.491,0.509,687300,69068,39345,846793,85492,1561,91192,1374,23678
45,3,10,10,11,9,11,2015,UT,29.90632,-1.099910752,0,1.001850722,-0.265729952,-0.02921858,1,0,1,0,UTAH,-0.970717686,1,7,7,8,6,8,4730100,0.79,0.011,0.137,0.024,0.091,0.335,0.189,0.204,0.321,0.11,0.131,0.239,0.095,0.103,0.502,0.498,25500,72981,38900,73776,696,0,873,0,3025
46,0,1,1,1,1,1,2015,VT,6.26088,-1.431101678,0,0.277486995,-0.717172422,-1.102810761,0,1,0,1,VERMONT,-0.960119406,0,1,1,1,1,1,4730100,0.936,0.012,0.015,0.013,0.09,0,0,0,0.201,0.083,0.113,0.266,0.162,0.176,0.494,0.506,8000,66833,50417,17564,157,0,192,0,1523
47,8,18,22,22,19,34,2015,VA,83.67587,-0.767195456,0,0.490812327,-0.08650329,-0.17839589,1,0,0,1,VIRGINIA,0.915776201,0,10,14,14,11,26,4730100,0.628,0.185,0.09,0.064,0.089,0.197,0.144,0.08,0.241,0.09,0.121,0.274,0.13,0.144,0.483,0.517,114400,80615,44562,256110,42301,611,45826,803,7001
48,6,16,23,21,16,20,2015,WA,71.6029,-0.124596762,0,1.107335386,-0.12104722,0.131197812,0,0,0,1,WASHINGTON,-0.71635896,0,10,17,15,10,14,4730100,0.699,0.035,0.123,0.079,0.103,0.232,0.221,0.112,0.237,0.091,0.13,0.265,0.132,0.145,0.497,0.503,130600,77441,42200,258544,5949,65,9106,180,19419
49,1,10,12,11,10,14,2015,WV,18.41053,-0.992838606,0,-1.507720476,-0.776365769,1.507450312,1,0,0,1,WEST VIRGINIA,-0.684564119,0,9,11,10,9,13,4730100,0.928,0.034,0.013,0.01,0.173,0.276,0.207,0.178,0.216,0.086,0.104,0.262,0.149,0.183,0.49,0.51,20100,49830,29202,59495,1227,8,1685,29,1835
50,7,11,12,11,11,18,2015,WI,57.67891,-0.566336088,0,-0.158266406,-0.318281004,-0.417033717,1,0,1,0,WISCONSIN,-0.430205393,1,4,5,4,4,11,4730100,0.821,0.06,0.066,0.027,0.088,0.32,0.227,0.15,0.236,0.088,0.114,0.265,0.141,0.155,0.495,0.505,100600,67795,27099,178211,13080,170,14405,150,6057
51,0,6,6,6,6,7,2015,WY,5.86555,-1.983360003,0,0.430734259,-0.484271003,1.757864796,1,0,1,0,WYOMING,-1.002512527,0,6,6,6,6,7,568900,0.843,0.01,0.099,0.01,0.098,0,0,0,0.256,0.092,0.123,0.244,0.142,0.142,0.495,0.505,9900,71157,38958,13914,16,0,312,0,798
1,0,25,27,28,25,38,2016,AL,48.633,-1.050421107,0,-1.036841217,-0.315509207,1.087161115,1,0,1,0,ALABAMA,1.731843782,0,25,27,28,25,38,4730100,0.66,0.265,0.041,0.012,0.121,0.279,0.319,0.118,0.241,0.09,0.115,0.258,0.135,0.161,0.481,0.519,99800,55873,30180,172822,38609,490,35313,459,4111
2,6,7,8,7,8,10,2016,AK,7.41894,0.262412984,1,2.015467321,-0.280226025,0.483974086,1,0,0,0,ALASKA,-0.779948641,0,1,2,1,2,4,714900,0.614,0.029,0.067,0.06,0.068,0,0.178,0,0.272,0.102,0.142,0.251,0.132,0.103,0.517,0.483,12900,90966,53800,28107,378,0,881,22,1940
3,33,50,50,52,50,64,2016,AZ,69.31071,-0.002734457,0,0.021111069,2.476126749,-0.302767842,1,0,1,0,ARIZO,-0.652769278,0,17,17,19,17,31,6760900,0.555,0.04,0.309,0.032,0.11,0.211,0.238,0.136,0.249,0.094,0.118,0.246,0.121,0.172,0.492,0.508,137500,63012,39991,229353,7104,172,7926,268,9707
4,5,15,22,23,18,30,2016,AR,29.88248,-0.72174745,1,-1.17755883,-0.454323349,1.154258452,1,0,1,0,ARKANSAS,0.555434672,0,10,17,18,13,25,2895400,0.73,0.153,0.073,0.014,0.138,0.288,0.255,0.129,0.253,0.091,0.113,0.251,0.129,0.163,0.488,0.512,72100,53342,28004,86476,12256,130,12987,222,2463
5,102,138,161,166,148,204,2016,CA,392.50017,1.810210281,1,1.042438222,2.00843705,2.575904706,0,1,0,1,CALIFORNIA,-0.504393354,1,36,59,64,46,102,38442400,0.375,0.054,0.39,0.142,0.096,0.223,0.19,0.113,0.245,0.098,0.133,0.267,0.121,0.137,0.494,0.506,536100,86568,44192,1585372,74523,1553,80760,2177,118142
6,22,31,32,32,32,36,2016,CO,55.40545,0.150705314,1,1.463198879,0.088407076,0.135028344,0,0,0,1,COLORADO,-0.663367558,1,9,10,10,10,14,5398100,0.687,0.039,0.213,0.031,0.081,0.19,0.172,0.116,0.241,0.093,0.135,0.268,0.128,0.135,0.499,0.501,121900,79776,44366,156309,5553,59,6159,109,10550
7,2,4,5,6,5,15,2016,CT,35.76452,-0.217361153,0,2.036885527,0.321853122,0.365709028,0,1,0,1,CONNECTICUT,-0.038069023,1,2,3,4,3,13,3465100,0.676,0.098,0.158,0.045,0.058,0.182,0.194,0.096,0.225,0.088,0.11,0.272,0.145,0.16,0.486,0.514,59600,94523,43732,139180,12726,507,15554,295,3902
8,0,1,1,1,1,1,2016,DE,9.52065,0.115911934,0,0.122419183,-0.05235189,-0.281649603,0,1,0,1,DELAWARE,1.180733208,0,1,1,1,1,1,924300,0.63,0.207,0.092,0.04,0.08,0.151,0.287,0.085,0.228,0.081,0.121,0.253,0.141,0.176,0.48,0.52,22400,72470,47450,30885,4303,153,5126,99,1070
9,,,,,,,2016,,,,,,,,,,,,DISTRICT OF COLUMBIA,,,,,,,,644400,0.359,0.468,0.111,0.037,0.076,0.281,0.217,0.14,0.192,0.102,0.211,0.27,0.107,0.119,0.471,0.529,10400,118203,40560,32062,12671,187,12037,309,8350
10,0,60,73,78,68,111,2016,FL,206.12439,-0.084108513,1,-0.613296193,1.145406388,-0.482176286,1,0,1,0,FLORIDA,0.534238112,0,60,73,78,68,111,20144000,0.547,0.151,0.251,0.027,0.106,0.227,0.19,0.123,0.213,0.085,0.113,0.255,0.134,0.2,0.485,0.515,366000,59209,35722,741449,101509,2047,105045,2085,33559
11,5,26,30,29,28,51,2016,GA,103.10371,-0.78107789,0,-0.361525181,-0.082258112,-0.513784123,1,0,1,0,GEORGIA,2.229962954,0,21,25,24,23,46,10001000,0.534,0.308,0.094,0.038,0.107,0.223,0.24,0.123,0.261,0.091,0.121,0.273,0.122,0.133,0.481,0.519,,65914,37887,392962,100487,1404,94972,1568,12909
12,5,6,7,7,6,7,2016,HI,14.28557,-0.101556317,0,1.631010523,6.413365493,-1.712070026,0,1,0,1,HAWAII,-0.907128004,0,1,2,2,1,2,1364600,0.211,0.013,0.102,0.376,0.082,0,0.109,0.1,0.232,0.082,0.123,0.254,0.135,0.175,0.492,0.508,27500,90877,66009,35899,608,0,383,20,7921
13,0,6,5,6,7,9,2016,ID,16.8314,-1.018877744,0,-0.036289723,-0.393174519,-0.219028272,1,0,1,0,IDAHO,-1.023709087,0,6,5,6,7,9,1650700,0.825,0.01,0.123,0.014,0.127,0,0.243,0,0.274,0.088,0.118,0.242,0.124,0.153,0.496,0.504,48800,59554,41690,43389,401,8,295,13,2247
14,5,26,29,33,28,53,2016,IL,128.01539,0.766943586,0,0.480103224,-0.165464403,-1.13674437,0,1,1,0,ILLINOIS,0.396460468,1,21,24,28,23,48,12491200,0.618,0.137,0.171,0.053,0.089,0.268,0.167,0.111,0.242,0.09,0.125,0.267,0.131,0.145,0.488,0.512,204200,75354,34404,504167,77845,1594,77045,1011,11590
15,7,14,20,19,15,25,2016,IN,66.33053,-0.748760596,0,-0.086622507,-0.273046303,-0.998376172,1,0,1,0,INDIA,-0.112256985,0,7,13,12,8,18,6431400,0.798,0.091,0.068,0.021,0.111,0.279,0.242,0.226,0.252,0.094,0.115,0.257,0.133,0.149,0.49,0.51,159900,62593,31171,211067,21185,362,21369,336,5798
16,5,5,5,5,5,21,2016,IA,31.34693,-0.257898883,0,0.234650583,-0.497205286,0.429676292,0,0,1,0,IOWA,-0.71635896,0,0,0,0,0,16,3030400,0.866,0.033,0.057,0.024,0.096,0.291,0.243,0.143,0.244,0.091,0.116,0.251,0.135,0.163,0.495,0.505,46700,66527,29802,68229,2495,0,2944,96,3064
17,0,10,11,11,9,20,2016,KS,29.07289,-0.798674942,0,-0.00994533,-0.621819109,-0.218178209,1,0,1,0,KANSAS,-0.504393354,0,10,11,11,9,20,2817000,0.765,0.056,0.117,0.027,0.1,0.275,0.182,0.118,0.262,0.096,0.116,0.248,0.13,0.148,0.494,0.506,38500,67823,33887,71664,4011,45,4562,82,2255
18,7,18,22,23,20,24,2016,KY,44.36974,-0.754892825,0,-1.235173804,-0.665660271,-0.137252182,0,0,1,0,KENTUCKY,-0.228838067,0,11,15,16,13,17,4287700,0.852,0.08,0.034,0.014,0.168,0.313,0.327,0.156,0.242,0.09,0.113,0.263,0.137,0.155,0.488,0.512,97900,56922,30418,145275,9836,120,9911,143,4237
19,4,19,22,25,20,30,2016,LA,46.81666,-0.600495268,1,-1.574973642,0.381127766,-0.220388374,1,0,1,0,LOUISIA,2.314749196,0,15,18,21,16,26,4530500,0.594,0.318,0.049,0.017,0.126,0.34,0.242,0.169,0.255,0.093,0.126,0.252,0.13,0.145,0.483,0.517,111000,59392,28095,157674,37999,588,40613,410,3994
20,2,2,2,2,2,3,2016,ME,13.31479,-0.771550056,1,-0.647565322,-0.701146385,-1.042314589,0,0,1,0,MAINE,-0.949521126,0,0,0,0,0,1,1293800,0.936,0.015,0.015,0.012,0.12,0.49,0.134,0,0.205,0.072,0.107,0.263,0.161,0.193,0.486,0.514,10300,61950,27794,37610,395,0,627,0,2241
21,9,15,16,19,16,25,2016,MD,60.16447,-0.199421661,0,1.805247629,0.975531096,-1.157052896,0,1,1,0,MARYLAND,2.017997349,0,6,7,10,7,16,5856500,0.514,0.293,0.098,0.063,0.069,0.128,0.127,0.077,0.238,0.085,0.124,0.274,0.134,0.146,0.48,0.52,99000,95994,60593,199478,44972,1294,48586,1232,7689
22,0,12,14,14,13,16,2016,MA,68.11779,1.027932149,0,1.64525363,-0.118391352,-0.572375422,0,1,1,0,MASSACHUSETTS,-0.377213991,0,12,14,14,13,16,6570600,0.726,0.067,0.114,0.063,0.067,0.189,0.264,0.142,0.218,0.089,0.127,0.27,0.138,0.158,0.486,0.515,82900,95052,44117,229123,14349,161,15303,359,19608
23,10,13,16,18,14,42,2016,MI,99.283,0.659795242,1,0.02014725,-0.421265783,-1.350958409,1,0,1,0,MICHIGAN,0.354067347,0,3,6,8,4,32,9693500,0.756,0.135,0.049,0.029,0.114,0.291,0.226,0.201,0.232,0.094,0.113,0.257,0.143,0.162,0.489,0.511,,62251,30732,382878,54042,740,56297,788,9316
24,11,14,14,14,14,23,2016,MN,55.19952,0.19763154,0,1.425931201,-0.42924514,-0.44561737,0,0,0,1,MINNESOTA,-0.462000233,0,3,3,3,3,12,5392900,0.807,0.057,0.051,0.049,0.071,0.286,0.192,0.141,0.245,0.085,0.124,0.261,0.136,0.149,0.496,0.504,119500,77618,30703,132959,8392,85,10490,59,7341
25,0,8,11,10,8,17,2016,MS,29.88726,-0.852592111,0,-1.692452502,-0.325270574,-0.186839208,1,0,1,0,MISSISSIPPI,2.929449452,0,8,11,10,8,17,2887300,0.572,0.376,0.028,0.01,0.129,0.319,0.263,0.103,0.262,0.094,0.109,0.255,0.129,0.151,0.476,0.524,65300,50403,27174,121296,36956,417,33816,321,1738
26,11,21,23,23,22,41,2016,MO,60.93,0.12662876,1,-0.202066638,-0.420277763,-0.200021728,1,0,0,1,MISSOURI,0.131503462,0,10,12,12,11,30,5898000,0.798,0.113,0.04,0.019,0.118,0.23,0.237,0.153,0.244,0.087,0.118,0.256,0.137,0.159,0.49,0.51,105900,62242,32923,184682,22025,389,23490,287,6194
27,2,5,5,5,5,5,2016,MT,10.4252,-0.847576596,1,0.018433793,-0.548511174,-0.49218195,1,0,0,1,MONTA,-1.055503928,0,3,3,3,3,3,1015100,0.866,0,0.035,0.01,0.119,0,0.143,0,0.232,0.092,0.108,0.239,0.151,0.178,0.502,0.498,15200,60564,28863,27253,9,0,141,0,1418
28,2,7,8,8,7,16,2016,NE,19.07116,-0.342212095,1,0.264636071,-0.690266334,1.393400151,1,0,1,0,NEBRASKA,-0.599777877,0,5,6,6,5,14,1845000,0.8,0.044,0.106,0.023,0.087,0.281,0.246,0.197,0.259,0.094,0.119,0.25,0.129,0.149,0.496,0.504,23300,69541,30577,38258,1845,37,2185,34,2754
29,4,14,15,15,14,19,2016,NV,29.40058,-0.291670962,1,-0.15762386,2.947621193,-0.405319647,1,0,1,0,NEVADA,-0.186444946,0,10,11,11,10,15,2890400,0.499,0.083,0.285,0.083,0.095,0.214,0.189,0.107,0.242,0.089,0.127,0.266,0.125,0.151,0.498,0.502,39200,68369,37435,124055,7855,280,9364,170,7398
30,2,2,2,2,2,4,2016,NH,13.34795,-3.210678702,0,2.072975204,-0.718587292,-0.928264428,1,0,0,1,NEW HAMPSHIRE,-0.960119406,0,0,0,0,0,2,1291300,0.911,0.011,0.035,0.025,0.063,0,0.15,0,0.21,0.082,0.108,0.273,0.158,0.169,0.499,0.501,10800,83641,50362,33531,346,22,457,0,1366
31,12,12,14,17,15,21,2016,NJ,89.44469,0.658675675,0,1.238521898,0.126804333,-0.810595058,0,1,1,0,NEW JERSEY,0.248084544,0,0,2,5,3,9,8762700,0.557,0.125,0.2,0.095,0.064,0.171,0.183,0.064,0.236,0.085,0.115,0.277,0.135,0.152,0.486,0.514,186300,97281,47299,338289,41299,889,41892,1153,8895
32,1,21,22,22,22,29,2016,NM,20.81015,-1.219796979,0,-0.90511925,-0.073900538,1.565467133,0,0,1,0,NEW MEXICO,-0.896529724,0,20,21,21,21,28,2029400,0.379,0.017,0.486,0.015,0.124,0.213,0.241,0,0.248,0.093,0.118,0.243,0.134,0.165,0.489,0.511,30200,55941,41306,75329,1127,0,934,15,2263
33,19,17,25,24,23,30,2016,NY,197.45289,1.495078815,0,0.485564866,0.619787773,-0.355566472,0,0,0,1,NEW YORK,0.428255309,1,-2,6,5,4,11,19221500,0.556,0.142,0.191,0.085,0.096,0.205,0.243,0.168,0.223,0.093,0.131,0.268,0.132,0.153,0.484,0.516,212100,83277,42483,706481,88233,2110,94440,2167,86352
34,5,33,36,39,33,43,2016,NC,101.46788,0.472700683,0,-0.336144607,-0.024520165,0.683644512,1,0,1,0,NORTH CAROLI,1.148938367,0,28,31,34,28,38,9829900,0.636,0.211,0.092,0.027,0.11,0.244,0.278,0.113,0.242,0.087,0.115,0.27,0.131,0.155,0.481,0.519,149300,61102,34040,374408,68515,1536,68635,924,9559
35,0,1,1,1,1,3,2016,ND,7.57952,-1.701546573,0,0.351379805,-0.676399163,-0.123632278,1,0,1,0,NORTH DAKOTA,-0.822341762,0,1,1,1,1,3,725900,0.854,0.026,0.031,0.01,0.085,0,0.272,0,0.243,0.107,0.135,0.241,0.131,0.144,0.512,0.488,10300,76410,28474,10238,81,0,362,0,923
36,1,26,28,28,28,44,2016,OH,116.14373,0.802303892,1,-0.31247749,-0.418522977,-0.544669631,1,0,1,0,OHIO,0.205691423,0,25,27,27,27,43,11278700,0.796,0.121,0.036,0.02,0.11,0.306,0.259,0.154,0.238,0.087,0.116,0.256,0.141,0.161,0.489,0.511,326200,65077,29033,386581,48518,843,54813,737,10404
37,13,26,32,33,26,37,2016,OK,39.23561,0.088925997,1,-0.638248403,-0.509066914,2.142164251,1,0,1,0,OKLAHOMA,-0.32422259,0,13,19,20,13,24,3800800,0.663,0.069,0.103,0.019,0.122,0.288,0.259,0.157,0.263,0.092,0.122,0.246,0.127,0.15,0.491,0.509,74500,60309,31200,101320,6693,119,7228,99,4107
38,4,15,17,18,15,20,2016,OR,40.93465,-0.081175708,0,0.239041315,-0.182011133,0.556668667,0,1,0,1,OREGON,-0.896529724,0,11,13,14,11,16,4014500,0.763,0.017,0.127,0.042,0.111,0.257,0.231,0.149,0.223,0.088,0.127,0.258,0.136,0.169,0.495,0.505,82000,69328,32062,149082,2148,92,3051,97,13238
39,11,22,24,25,23,35,2016,PA,127.84227,0.605283123,0,0.436517174,-0.639024393,-0.50891963,1,0,0,1,PENNSYLVANIA,0.036118939,0,11,13,14,12,24,12364700,0.773,0.103,0.07,0.033,0.093,0.264,0.283,0.133,0.222,0.084,0.119,0.257,0.145,0.173,0.488,0.512,368100,68587,33645,427151,45352,814,49681,707,15339
40,2,2,2,2,2,2,2016,RI,10.56426,-0.937609965,0,0.49531015,-0.110483282,-1.674336661,0,1,0,1,RHODE ISLAND,-0.504393354,0,0,0,0,0,0,1013900,0.728,0.056,0.151,0.033,0.095,0.205,0.232,0.105,0.213,0.096,0.12,0.263,0.145,0.164,0.484,0.516,24300,82124,37046,39616,2172,6,1982,40,1160
41,12,17,18,18,17,28,2016,SC,49.61119,-0.418577419,0,-0.274888538,-0.128421063,-0.340681777,1,0,1,0,SOUTH CAROLI,1.753040342,0,5,6,6,5,16,4805300,0.64,0.267,0.055,0.015,0.101,0.244,0.262,0.107,0.237,0.087,0.116,0.256,0.136,0.169,0.48,0.52,68800,57389,31030,179697,40822,990,41327,564,5051
42,2,4,6,6,6,6,2016,SD,8.65454,-1.701640368,1,0.058592929,-0.719532513,0.298518607,1,0,1,0,SOUTH DAKOTA,-0.907128004,0,2,4,4,4,4,835800,0.827,0.013,0.037,0.015,0.081,0,0.306,0,0.263,0.088,0.123,0.233,0.137,0.157,0.502,0.498,15000,66299,35916,16828,171,0,140,0,1072
43,15,22,25,26,24,37,2016,TN,66.51194,-0.563471751,0,-0.5953049,0.084287006,0.184554684,1,0,1,0,TENNESSEE,0.672015755,0,7,10,11,9,22,6467700,0.744,0.164,0.052,0.018,0.125,0.261,0.287,0.104,0.24,0.088,0.118,0.265,0.132,0.157,0.484,0.516,119400,58570,33293,220704,34608,664,31538,612,8779
44,37,82,93,95,85,165,2016,TX,278.62596,0.397019644,0,0.133128286,0.26184343,2.636578614,1,0,1,0,TEXAS,0.152700022,0,45,56,58,48,128,27178300,0.425,0.115,0.393,0.047,0.089,0.204,0.223,0.108,0.279,0.097,0.13,0.262,0.113,0.12,0.492,0.508,681900,70980,40750,786779,78660,1412,84554,1337,23122
45,3,8,8,9,8,13,2016,UT,30.51217,-1.099910752,0,1.132823052,-0.257794459,-0.02921858,1,0,1,0,UTAH,-0.981315966,1,5,5,6,5,10,2999300,0.788,0.01,0.138,0.024,0.082,0.392,0.18,0.145,0.321,0.108,0.131,0.238,0.097,0.105,0.502,0.498,25400,75170,40622,65750,606,0,825,0,2807
46,0,2,2,2,2,3,2016,VT,6.24594,-1.431101678,0,0.421310248,-0.732259786,-1.102810761,0,1,0,1,VERMONT,-0.960119406,0,2,2,2,2,3,599600,0.935,0.01,0.019,0.011,0.111,0,0,0,0.204,0.085,0.106,0.261,0.159,0.186,0.492,0.508,7400,67938,42935,15699,155,0,205,0,1117
47,11,17,19,20,18,30,2016,VA,84.11808,-0.767195456,0,1.022519291,-0.096452019,-0.17839589,1,0,0,1,VIRGINIA,0.894579641,0,6,8,9,7,19,8080900,0.623,0.185,0.091,0.064,0.086,0.182,0.153,0.072,0.239,0.088,0.121,0.272,0.133,0.149,0.485,0.515,120000,82180,45374,236534,38334,725,40357,721,6268
48,11,26,27,27,27,35,2016,WA,72.88,-0.124596762,0,1.435783575,-0.106080519,0.131197812,0,0,0,1,WASHINGTON,-0.71635896,0,15,16,16,16,24,7124100,0.695,0.034,0.124,0.081,0.092,0.22,0.195,0.096,0.236,0.089,0.13,0.264,0.132,0.149,0.495,0.505,127000,79796,44438,227504,5173,45,8028,140,20827
49,0,12,13,12,12,20,2016,WV,18.31102,-0.992838606,0,-1.3438712,-0.777383408,1.507450312,1,0,0,1,WEST VIRGINIA,-0.684564119,0,12,13,12,12,20,1781700,0.924,0.034,0.014,0.01,0.176,0.245,0.267,0,0.217,0.085,0.104,0.258,0.148,0.188,0.492,0.508,20100,51051,31119,57355,1132,8,1800,19,1387
50,17,17,18,17,17,23,2016,WI,57.78708,-0.566336088,0,0.312077397,-0.329177819,-0.417033717,1,0,1,0,WISCONSIN,-0.430205393,1,0,1,0,0,6,5623300,0.819,0.06,0.067,0.027,0.088,0.313,0.242,0.186,0.234,0.09,0.115,0.258,0.144,0.16,0.494,0.506,100500,69544,27979,155385,12122,150,12428,113,5685
51,0,2,2,2,2,3,2016,WY,5.85501,-1.983360003,0,0.09918043,-0.46773352,1.757864796,1,0,1,0,WYOMING,-0.991914247,0,2,2,2,2,3,569400,0.847,0.01,0.096,0.01,0.105,0,0.178,0,0.255,0.089,0.121,0.245,0.141,0.15,0.505,0.495,9400,71791,44079,14064,101,0,171,0,857
1,,25,,27,25,43,2017,AL,,-0.84667823,0,-0.620042928,-0.665349616,1.087161115,1,0,1,0,ALABAMA,1.742442062,0,,,,,,4741400,0.658,0.266,0.041,0.013,0.117,0.269,0.306,0.193,0.24,0.091,0.113,0.255,0.136,0.165,0.482,0.518,99000,57820,31183,154741,35060,370,32773,389,3793
2,,8,,8,8,12,2017,AK,,0.068108171,1,1.641505444,-0.299097131,0.483974086,1,0,0,0,ALASKA,-0.779948641,0,,,,,,710100,0.61,0.025,0.067,0.066,0.083,0,0,0,0.271,0.09,0.138,0.259,0.13,0.113,0.513,0.487,12600,92952,56696,27521,427,0,755,16,1845
3,,44,,48,47,61,2017,AZ,,0.148624597,0,0.452152465,2.489708771,-0.302767842,1,0,1,0,ARIZO,-0.652769278,0,,,,,,6841300,0.55,0.04,0.313,0.032,0.101,0.23,0.197,0.109,0.247,0.093,0.119,0.245,0.123,0.173,0.492,0.508,137200,65845,42089,206726,6555,160,7186,289,8947
4,,12,,16,14,23,2017,AR,,-0.553549716,1,-0.86463884,-0.486858527,1.154258452,1,0,1,0,ARKANSAS,0.523639831,0,,,,,,2910000,0.725,0.149,0.076,0.017,0.13,0.278,0.237,0.15,0.251,0.091,0.113,0.25,0.13,0.165,0.489,0.511,73100,54979,29299,79153,10893,89,11770,284,2467
5,,162,,186,173,233,2017,CA,,2.041998373,1,1.376776418,2.000935105,2.575904706,0,1,0,1,CALIFORNIA,-0.504393354,1,,,,,,38713900,0.37,0.053,0.393,0.145,0.089,0.204,0.174,0.103,0.242,0.096,0.135,0.266,0.122,0.14,0.494,0.506,532000,90735,46219,1402738,66622,1463,73895,2032,131532
6,,31,,34,33,45,2017,CO,,0.189379322,1,1.849369133,0.10239242,0.135028344,0,0,0,1,COLORADO,-0.673965839,1,,,,,,5461100,0.683,0.038,0.216,0.031,0.083,0.136,0.163,0.086,0.238,0.09,0.139,0.266,0.128,0.14,0.499,0.501,122600,82905,47687,139583,4625,40,4890,57,10940
7,,6,,6,5,17,2017,CT,,-0.240447796,0,1.70029842,0.214430463,0.365709028,0,0,0,1,CONNECTICUT,-0.038069023,1,,,,,,3478700,0.667,0.097,0.163,0.045,0.058,0.147,0.204,0.088,0.222,0.086,0.114,0.267,0.147,0.166,0.486,0.514,56000,97169,45972,125999,11459,553,13701,233,3388
8,,6,,7,7,7,2017,DE,,0.1203301,0,0.579912064,-0.23092267,-0.281649603,0,1,0,1,DELAWARE,1.191331488,0,,,,,,931700,0.626,0.212,0.092,0.04,0.094,0.19,0.202,0.123,0.224,0.084,0.119,0.249,0.143,0.183,0.481,0.519,21800,74688,48850,27774,3875,180,4513,74,994
9,,,,,,,2017,,,,,,,,,,,,DISTRICT OF COLUMBIA,,,,,,,,657600,0.36,0.459,0.11,0.041,0.059,0.249,0.154,0.175,0.191,0.098,0.215,0.269,0.104,0.124,0.471,0.53,9900,122552,41387,29914,11658,205,11148,263,7473
10,,58,,71,61,104,2017,FL,,-0.125704118,1,-0.345033163,0.98789309,-0.482176286,1,0,1,0,FLORIDA,0.544836392,0,,,,,,20532300,0.539,0.151,0.258,0.028,0.1,0.217,0.177,0.135,0.213,0.083,0.114,0.254,0.135,0.202,0.485,0.515,361600,61468,37280,646740,88061,1967,93074,1619,32190
11,,29,,40,32,69,2017,GA,,-0.844717931,0,0.012115422,-0.233851287,-0.513784123,1,0,1,0,GEORGIA,2.208766394,0,,,,,,10121400,0.529,0.309,0.096,0.04,0.099,0.218,0.238,0.097,0.258,0.09,0.12,0.272,0.124,0.136,0.481,0.519,502700,68343,40112,348686,90409,1510,85310,1463,10174
12,,3,,5,3,5,2017,HI,,-0.082455667,0,1.785435788,3.730274732,-1.712070026,0,1,0,1,HAWAII,-0.917726285,1,,,,,,1356100,0.207,0.01,0.102,0.382,0.102,0,0.188,0.095,0.231,0.074,0.125,0.252,0.134,0.184,0.488,0.512,27100,94123,68825,31851,655,0,433,18,7220
13,,6,,6,6,9,2017,ID,,-0.985722076,0,0.35394999,-0.420870731,-0.219028272,1,0,1,0,IDAHO,-1.023709087,0,,,,,,1682100,0.821,0.01,0.124,0.013,0.119,0.602,0.188,0.157,0.273,0.089,0.113,0.244,0.126,0.154,0.501,0.499,50300,61658,37216,37969,356,13,197,15,2037
14,,20,,28,24,40,2017,IL,,0.807779349,0,0.825257613,-0.359609487,-1.13674437,0,1,1,0,ILLINOIS,0.396460468,1,,,,,,12496600,0.613,0.137,0.174,0.054,0.089,0.261,0.152,0.114,0.241,0.089,0.124,0.263,0.132,0.15,0.489,0.511,189000,77913,35572,453712,72060,1673,71112,1048,10798
15,,19,,19,19,42,2017,IN,,-0.691194191,0,0.210983465,-0.581320744,-0.998376172,1,0,1,0,INDIA,-0.112256985,0,,,,,,6459400,0.794,0.091,0.07,0.021,0.11,0.261,0.214,0.17,0.25,0.092,0.117,0.256,0.133,0.153,0.49,0.51,163500,64779,32163,186355,19160,388,19446,274,5438
16,,5,,6,5,15,2017,IA,,-0.401000833,0,0.704458931,-0.475764497,0.429676292,1,0,1,0,IOWA,-0.73755552,0,,,,,,3045600,0.859,0.031,0.059,0.027,0.087,0.329,0.143,0.144,0.248,0.09,0.115,0.248,0.136,0.164,0.493,0.507,47000,69105,30505,62454,2234,0,2791,93,2756
17,,12,,16,14,25,2017,KS,,-0.608863091,0,0.103785344,-0.607394724,-0.218178209,1,0,1,0,KANSAS,-0.504393354,0,,,,,,2817600,0.761,0.053,0.119,0.03,0.098,0.279,0.167,0.161,0.26,0.094,0.117,0.244,0.132,0.153,0.495,0.505,38900,70126,34664,63885,3811,48,4156,91,2287
18,,17,,19,17,30,2017,KY,,-0.690477185,0,-0.594876536,-0.699427676,-0.137252182,1,0,1,0,KENTUCKY,-0.239436348,0,,,,,,4307100,0.849,0.079,0.035,0.015,0.162,0.249,0.26,0.16,0.242,0.088,0.114,0.26,0.137,0.159,0.491,0.509,103000,59071,32160,130615,9192,142,9912,154,4025
19,,19,,22,20,34,2017,LA,,-0.428334736,1,-1.392169254,0.19350815,-0.220388374,1,0,1,0,LOUISIA,2.314749196,0,,,,,,4541500,0.588,0.318,0.052,0.018,0.122,0.337,0.245,0.167,0.255,0.094,0.121,0.251,0.131,0.149,0.482,0.518,111300,60968,28743,147942,34632,621,38162,321,3305
20,,9,,10,8,13,2017,ME,,-0.780024991,1,-0.56103577,-0.703112509,-1.042314589,0,0,1,0,MAINE,-0.960119406,0,,,,,,1300200,0.937,0.011,0.016,0.011,0.106,0,0.194,0,0.201,0.071,0.11,0.258,0.161,0.199,0.489,0.511,10400,64679,28018,32984,324,7,542,0,2280
21,,9,,14,11,28,2017,MD,,-0.225637891,0,2.589582333,0.92512284,-1.157052896,0,1,1,0,MARYLAND,2.028595629,0,,,,,,5892900,0.507,0.292,0.102,0.065,0.064,0.134,0.14,0.071,0.236,0.085,0.123,0.271,0.137,0.149,0.482,0.518,98400,99209,62827,182847,40927,1462,44389,1215,7247
22,,3,,6,4,13,2017,MA,,0.731502015,0,1.74816811,-0.148859002,-0.572375422,0,1,1,0,MASSACHUSETTS,-0.34541915,0,,,,,,6620600,0.717,0.069,0.119,0.064,0.067,0.164,0.253,0.159,0.216,0.086,0.131,0.267,0.139,0.162,0.486,0.515,77400,99031,46196,203844,13061,143,14233,395,17565
23,,14,,16,15,42,2017,MI,,0.577909493,1,0.085365687,-0.49102679,-1.350958409,1,0,1,0,MICHIGAN,0.354067347,0,,,,,,9720300,0.753,0.135,0.05,0.031,0.109,0.297,0.211,0.094,0.23,0.092,0.114,0.253,0.143,0.167,0.49,0.51,228100,64620,32163,334859,49030,684,50411,810,9051
24,,9,,10,10,23,2017,MN,,0.185099518,0,1.608200134,-0.453486641,-0.44561737,1,0,0,1,MINNESOTA,-0.409008832,0,,,,,,5446600,0.8,0.064,0.052,0.048,0.07,0.279,0.234,0.127,0.244,0.085,0.124,0.259,0.137,0.152,0.496,0.504,121900,80592,32743,118691,7364,90,9838,38,7668
25,,17,,20,18,25,2017,MS,,-0.712184731,0,-1.44164531,-0.748762116,-0.186839208,1,0,1,0,MISSISSIPPI,2.929449452,0,,,,,,2884500,0.569,0.377,0.028,0.01,0.119,0.313,0.179,0.164,0.259,0.095,0.105,0.254,0.131,0.156,0.48,0.52,61300,52069,28347,110300,32948,540,30671,281,1472
26,,31,,35,33,55,2017,MO,,0.166577587,1,-0.001913503,-0.481931158,-0.200021728,1,0,1,0,MISSOURI,0.120905181,0,,,,,,5921300,0.797,0.111,0.042,0.02,0.112,0.237,0.173,0.202,0.241,0.086,0.122,0.25,0.137,0.164,0.488,0.512,105400,64564,34948,161779,19812,308,20499,209,6037
27,,6,,6,7,9,2017,MT,,-0.822013579,1,0.233900946,-0.592036469,-0.49218195,1,0,0,1,MONTA,-1.044905648,0,,,,,,1022600,0.865,0,0.036,0.01,0.107,0,0.226,0,0.225,0.093,0.113,0.241,0.148,0.181,0.496,0.504,15500,62747,31352,23183,6,0,189,0,1529
28,,0,,1,0,6,2017,NE,,-0.365885011,1,0.290873374,-0.716718047,1.393400151,1,0,1,0,NEBRASKA,-0.610376157,0,,,,,,1859200,0.792,0.043,0.11,0.025,0.077,0.275,0.211,0.207,0.26,0.09,0.124,0.244,0.131,0.152,0.498,0.502,24200,72289,31523,34908,1713,37,2046,31,2501
29,,16,,17,16,24,2017,NV,,-0.191824243,1,-0.037788998,3.034432099,-0.405319647,0,1,1,0,NEVADA,-0.144051825,0,,,,,,2946600,0.489,0.087,0.289,0.084,0.091,0.295,0.157,0.103,0.239,0.087,0.127,0.268,0.125,0.155,0.497,0.503,39300,70797,38846,107959,7924,293,8524,135,7833
30,,3,,3,3,6,2017,NH,,-3.023124448,0,1.916729391,-0.717943621,-0.928264428,1,0,1,0,NEW HAMPSHIRE,-0.949521126,0,,,,,,1297000,0.906,0.013,0.036,0.027,0.07,0.21,0,0.091,0.204,0.081,0.114,0.267,0.161,0.175,0.496,0.504,10700,87002,50424,29662,355,18,465,0,1456
31,,12,,15,16,35,2017,NJ,,0.610028717,0,1.723537173,0.010873217,-0.810595058,0,1,1,0,NEW JERSEY,0.269281105,0,,,,,,8823900,0.55,0.125,0.205,0.098,0.056,0.178,0.173,0.065,0.233,0.083,0.116,0.274,0.137,0.156,0.486,0.514,184000,101103,48978,301732,35901,695,37753,1038,8536
32,,21,,25,21,35,2017,NM,,-1.154483175,0,-0.968945504,-0.442444952,1.565467133,0,1,1,0,NEW MEXICO,-0.896529724,0,,,,,,2038200,0.373,0.016,0.49,0.013,0.118,0.241,0.232,0,0.25,0.094,0.116,0.236,0.135,0.169,0.493,0.507,28700,56930,41379,68428,927,9,874,17,2482
33,,16,,19,17,34,2017,NY,,1.602272247,0,0.593726806,0.599422124,-0.355566472,0,1,0,1,NEW YORK,0.428255309,1,,,,,,19315700,0.552,0.142,0.193,0.087,0.093,0.208,0.217,0.149,0.221,0.091,0.132,0.264,0.133,0.159,0.484,0.516,208700,86275,43997,638220,79567,1806,87127,2197,89503
34,,22,,26,23,53,2017,NC,,0.483694529,0,-0.702503021,-0.086041635,0.683644512,1,0,0,1,NORTH CAROLI,1.159536647,0,,,,,,9948800,0.631,0.21,0.094,0.028,0.104,0.217,0.276,0.133,0.241,0.085,0.117,0.267,0.131,0.16,0.482,0.519,151400,63390,35690,324002,60706,1575,59383,1049,8962
35,,3,,3,3,5,2017,ND,,-1.651068536,0,0.319466679,-0.677508986,-0.123632278,1,0,1,0,NORTH DAKOTA,-0.769350361,0,,,,,,726000,0.847,0.029,0.034,0.017,0.08,0,0.169,0,0.244,0.104,0.136,0.237,0.135,0.146,0.51,0.49,10300,78946,30500,10088,157,0,293,0,1089
36,,34,,33,36,65,2017,OH,,0.845502459,1,0.306829937,-0.622614443,-0.544669631,1,0,1,0,OHIO,0.205691423,0,,,,,,11323500,0.792,0.12,0.037,0.022,0.106,0.284,0.265,0.138,0.237,0.087,0.118,0.253,0.141,0.165,0.487,0.513,334400,67426,30575,344243,45057,855,48600,797,10095
37,,26,,30,28,48,2017,OK,,-0.051857676,1,-0.203137548,-0.488150306,2.142164251,1,0,1,0,OKLAHOMA,-0.32422259,0,,,,,,3803700,0.659,0.069,0.105,0.021,0.123,0.258,0.229,0.098,0.262,0.09,0.122,0.246,0.128,0.153,0.489,0.511,83500,61988,32185,96788,6424,110,7265,93,4199
38,,12,,12,12,17,2017,OR,,0.024559959,0,0.825364704,-0.261307904,0.556668667,0,1,0,1,OREGON,-0.896529724,0,,,,,,4063000,0.758,0.017,0.13,0.045,0.117,0.263,0.189,0.136,0.222,0.085,0.129,0.259,0.134,0.171,0.494,0.506,84900,72625,33143,127909,1909,68,2670,86,13953
39,,23,,27,24,51,2017,PA,,0.498846693,0,0.671474894,-0.651409512,-0.50891963,1,0,0,1,PENNSYLVANIA,0.046717219,0,,,,,,12389100,0.767,0.105,0.073,0.034,0.091,0.253,0.279,0.14,0.222,0.083,0.118,0.255,0.145,0.177,0.488,0.512,367300,71113,35349,384783,41128,740,45343,883,14138
40,,1,,1,1,1,2017,RI,,-0.88473367,0,1.015986738,-0.093860897,-1.674336661,0,1,0,1,RHODE ISLAND,-0.514991635,0,,,,,,1015900,0.722,0.054,0.155,0.035,0.08,0.222,0.241,0.14,0.212,0.093,0.124,0.259,0.145,0.167,0.485,0.515,23400,85025,38368,35289,2098,6,1580,52,1180
41,,12,,15,13,25,2017,SC,,-0.225593681,0,-0.206885734,-0.382363868,-0.340681777,1,0,1,0,SOUTH CAROLI,1.753040342,0,,,,,,4864600,0.64,0.267,0.056,0.015,0.105,0.243,0.272,0.137,0.233,0.086,0.114,0.256,0.136,0.175,0.48,0.52,68000,59583,31960,157244,35471,796,36944,400,3916
42,,3,,3,3,3,2017,SD,,-1.577385068,1,-0.000949683,-0.714686572,0.298518607,1,0,1,0,SOUTH DAKOTA,-0.885931444,0,,,,,,837000,0.825,0.021,0.036,0.013,0.079,0,0.16,0,0.256,0.086,0.124,0.235,0.137,0.162,0.502,0.498,14500,68701,32192,15205,140,0,100,0,943
43,,27,,28,31,38,2017,TN,,0.11795499,0,-0.178078247,0.112801039,0.184554684,1,0,1,0,TENNESSEE,0.672015755,0,,,,,,6538200,0.741,0.164,0.054,0.018,0.123,0.242,0.243,0.117,0.239,0.086,0.121,0.261,0.134,0.159,0.484,0.516,119600,60787,35371,195183,30564,678,28346,568,8309
44,,69,,84,77,114,2017,TX,,0.500748508,0,0.25617588,-0.026694207,2.636578614,1,0,1,0,TEXAS,0.163298302,0,,,,,,27621300,0.419,0.116,0.397,0.048,0.085,0.19,0.204,0.099,0.277,0.095,0.13,0.262,0.114,0.122,0.492,0.508,677100,73712,42401,728084,71925,1432,77653,1316,23548
45,,7,,6,6,13,2017,UT,,-1.154601283,0,1.543838425,-0.264115761,-0.02921858,1,0,1,0,UTAH,-0.960119406,1,,,,,,3047400,0.785,0.011,0.14,0.024,0.08,0.196,0.157,0.131,0.315,0.107,0.131,0.242,0.097,0.108,0.502,0.498,26200,78530,40536,57475,402,0,745,0,2852
46,,1,,1,1,1,2017,VT,,-1.207685676,0,0.739156425,-0.722905563,-1.102810761,0,1,1,0,VERMONT,-0.960119406,0,,,,,,600200,0.931,0.012,0.017,0.017,0.108,0,0,0,0.2,0.087,0.109,0.253,0.16,0.19,0.493,0.507,6800,70252,41553,13645,81,0,148,0,1225
47,,23,,30,25,45,2017,VA,,-0.697843026,0,1.541054058,-0.099096151,-0.17839589,1,0,0,1,VIRGINIA,0.905177921,0,,,,,,8140700,0.619,0.185,0.093,0.066,0.082,0.18,0.123,0.068,0.237,0.088,0.121,0.269,0.133,0.153,0.484,0.516,120800,84866,47246,219211,35056,610,36903,680,6067
48,,38,,44,40,52,2017,WA,,0.025099145,0,1.982804557,-0.104355049,0.131197812,0,1,0,1,WASHINGTON,-0.71635896,0,,,,,,7239800,0.687,0.034,0.127,0.085,0.088,0.201,0.211,0.097,0.235,0.087,0.133,0.262,0.131,0.151,0.496,0.504,120800,83343,47057,202945,4822,61,7631,95,21112
49,,11,,13,12,19,2017,WV,,-0.991111376,0,-1.23271071,-0.776476955,1.507450312,1,0,0,1,WEST VIRGINIA,-0.673965839,0,,,,,,1762100,0.926,0.037,0.012,0.01,0.184,0.305,0.264,0,0.219,0.084,0.101,0.255,0.148,0.194,0.49,0.51,20900,52488,31939,54099,1324,8,1795,35,1309
50,,24,,26,25,34,2017,WI,,0.609795981,0,0.701246201,-0.325658499,-0.417033717,1,0,1,0,WISCONSIN,-0.419607112,1,,,,,,5643000,0.815,0.058,0.068,0.03,0.083,0.292,0.205,0.142,0.234,0.088,0.114,0.255,0.144,0.165,0.495,0.505,100800,72067,29081,133986,10412,127,10892,123,5027
51,,1,,1,1,5,2017,WY,,-1.861562208,0,0.100037158,-0.546493283,1.757864796,1,0,1,0,WYOMING,-0.991914247,0,,,,,,563300,0.842,0.01,0.1,0.01,0.101,0,0.214,0,0.253,0.086,0.123,0.236,0.145,0.157,0.509,0.491,10000,73175,43091,13209,86,0,137,0,873
