state_id,police_homicide,police_homicide_wp,police_homicide_guardian,police_homicide_mpv,police_homicide_kbp,police_homicide_fatal,year,state_abb,pop_100000,std_squire_capacity,termect,std_med_income,std_employees,std_police_ideal,repleg,demleg,repgov,demgov,state,std_black,invlaw,wapost_fbi_dif,guard_fbi_dif,mpv_fbi_dif,kbp_fbi_dif,fatal_fbi_dif,total_pop,white_pop,black_pop,hispanic_pop,asian_pop,white_pov,black_pov,hispanic_pov,asian_pov,children_0_18,adults_19_25,adults_26_34,adults_3554,adults_5564,adults_65up,male_pop,female_pop,total_incar,income,black_income,unemployment,black_female_16_65_unemp,black_female_65up_unemp,black_male_16_65_unemp,black_male_65up_unemp,homeless,black_unemp,underreport,black_unemp_per,homeless_per,unemployment_per,total_incar_per,underreport2
1,0,,,23,,51,2013,AL,48.294788,.75492895,0,-1.6622528,-.32741064,1.0871611,1,0,1,0,ALABAMA,1.7212455,0,,,23,,51,4705800,.66600001,.26199999,.039000001,.011,.12899999,.31600001,.35699999,.176,.248,.093999997,.113,.26499999,.131,.149,.48100001,.51899999,115600,54099,28750,225628,48583,661,45233,531,4689,95008,,.020189553,.00099642994,.047946788,.02456543,51
1,0,,,19,18,33,2014,AL,48.43214,.75492895,0,-1.5661922,-.33037636,1.0871611,1,0,1,0,ALABAMA,1.7212455,0,,,19,18,33,4714100,.66399997,.26300001,.039000001,.012,.13500001,.315,.37900001,.13600001,.243,.093999997,.113,.26300001,.133,.154,.48199999,.51800001,104900,54337,29055,213911,46312,613,42823,567,3970,90315,,.019158483,.00084215438,.045376848,.022252392,33
1,0,17,19,21,18,39,2015,AL,48.53875,-1.0504211,0,-1.3272721,-.32340497,1.0871611,1,0,1,0,ALABAMA,1.742442,0,17,19,21,18,39,4730100,.662,.26499999,.039999999,.012,.133,.30700001,.34400001,.124,.243,.090000004,.115,.26100001,.134,.15800001,.48100001,.51899999,107500,54695,29180,194005,42610,649,38418,473,3970,82150,17,.017367497,.00083930575,.041014988,.022726793,39
1,0,25,27,28,25,38,2016,AL,48.632999,-1.0504211,0,-1.0368413,-.3155092,1.0871611,1,0,1,0,ALABAMA,1.7318438,0,25,27,28,25,38,4730100,.66000003,.26499999,.041000001,.012,.121,.27900001,.31900001,.118,.241,.090000004,.115,.25799999,.13500001,.161,.48100001,.51899999,99800,55873,30180,172822,38609,490,35313,459,4111,74871,25,.01582863,.00086911483,.036536649,.021098919,38
1,,25,,27,25,43,2017,AL,,-.84667826,0,-.62004292,-.6653496,1.0871611,1,0,1,0,ALABAMA,1.742442,0,,,,,,4741400,.65799999,.266,.041000001,.013,.117,.26899999,.30599999,.193,.23999999,.090999998,.113,.255,.13600001,.16500001,.48199999,.51800001,99000,57820,31183,154741,35060,370,32773,389,3793,68592,,.014466614,.00079997472,.03263614,.020879909,
2,3,,,4,,4,2013,AK,7.3687901,1.4929087,1,.45343757,-.28058892,.4839741,1,0,1,0,ALASKA,-.7375555,0,,,1,,1,705100,.625,.034000002,.063000001,.050000001,.054000001,0,.145,0,.27200001,.107,.13600001,.26499999,.126,.093999997,.51300001,.48699999,14600,87070,57260,30847,305,0,1080,0,1946,1385,,.0019642604,.0027598923,.043748405,.020706283,1
2,1,,,2,1,4,2014,AK,7.3670502,1.4929087,1,1.1486726,-.27695987,.4839741,1,0,1,0,ALASKA,-.74815381,0,,,1,0,3,706600,.62,.029999999,.066,.061000001,.075999998,0,.20900001,0,.27200001,.109,.131,.26100001,.131,.096000001,.51700002,.48300001,14600,88221,55897,30180,408,0,1213,0,1956,1621,,.0022940843,.0027681857,.042711578,.020662326,3
2,2,4,5,5,4,5,2015,AK,7.37709,.262413,1,1.9500347,-.27695987,.4839741,1,0,0,0,ALASKA,-.72695726,0,2,3,3,2,3,4730100,.61500001,.032000002,.067000002,.068999998,.075999998,0,0,0,.271,.111,.13600001,.25099999,.131,.1,.514,.486,13900,88430,51944,29362,363,0,1073,21,1956,1457,2,.00030802732,.00041352192,.0062074796,.002938627,3
2,6,7,8,7,8,10,2016,AK,7.4189401,.262413,1,2.0154674,-.28022602,.4839741,1,0,0,0,ALASKA,-.77994865,0,1,2,1,2,4,714900,.61400002,.028999999,.067000002,.059999999,.068000004,0,.178,0,.27200001,.102,.142,.25099999,.132,.103,.51700002,.48300001,12900,90966,53800,28107,378,0,881,22,1940,1281,1,.001791859,.0027136663,.039315987,.018044481,4
2,,8,,8,8,12,2017,AK,,.068108171,1,1.6415055,-.29909712,.4839741,1,0,0,0,ALASKA,-.77994865,0,,,,,,710100,.61000001,.025,.067000002,.066,.082999997,0,0,0,.271,.090000004,.138,.259,.13,.113,.51300001,.48699999,12600,92952,56696,27521,427,0,755,16,1845,1198,,.0016870863,.0025982256,.038756512,.017743981,
3,43,,,49,,71,2013,AZ,66.24617,.6694147,0,-.67476642,2.4707909,-.30276784,1,0,1,0,ARIZO,-.66336757,0,,,6,,28,6465700,.56800002,.039000001,.30199999,.028999999,.113,.243,.29300001,.161,.25799999,.094999999,.119,.252,.12,.155,.49200001,.50800002,132300,61132,39543,291437,7939,187,10266,281,10562,18673,,.002888009,.0016335432,.045074314,.020461822,28
3,29,,,47,39,57,2014,AZ,67.199928,.6694147,0,-.81912518,2.4773996,-.30276784,1,0,1,0,ARIZO,-.67396581,0,,,18,10,28,6556200,.56400001,.039000001,.30500001,.030999999,.11,.25799999,.278,.15000001,.255,.096000001,.117,.25099999,.12,.161,.49000001,.50999999,133600,61328,39266,280332,8171,164,10132,332,9896,18799,,.0028673622,.0015094109,.042758305,.020377658,28
3,33,42,44,43,41,45,2015,AZ,68.175652,-.0027344569,0,-.4984946,2.4485807,-.30276784,1,0,1,0,ARIZO,-.65276927,0,9,11,10,8,12,4730100,.55800003,.039999999,.30700001,.030999999,.114,.243,.255,.126,.25099999,.094999999,.117,.25,.121,.16599999,.49000001,.50999999,136300,61644,39483,253937,7891,116,9308,416,9896,17731,9,.0037485466,.0020921333,.053685334,.028815458,12
3,33,50,50,52,50,64,2016,AZ,69.310707,-.0027344569,0,.021111069,2.4761267,-.30276784,1,0,1,0,ARIZO,-.65276927,0,17,17,19,17,31,6760900,.55500001,.039999999,.30899999,.032000002,.11,.211,.23800001,.13600001,.249,.093999997,.118,.24600001,.121,.17200001,.49200001,.50800002,137500,63012,39991,229353,7104,172,7926,268,9707,15470,17,.0022881569,.0014357556,.033923443,.020337529,31
3,,44,,48,47,61,2017,AZ,,.1486246,0,.45215246,2.4897087,-.30276784,1,0,1,0,ARIZO,-.65276927,0,,,,,,6841300,.55000001,.039999999,.31299999,.032000002,.101,.23,.197,.109,.24699999,.093000002,.119,.245,.123,.17299999,.49200001,.50800002,137200,65845,42089,206726,6555,160,7186,289,8947,14190,,.0020741671,.0013077924,.030217357,.020054668,
4,1,,,14,,20,2013,AR,29.58663,.27129492,1,-1.8188199,-.48703638,1.1542585,1,0,0,1,ARKANSAS,.56603295,0,,,13,,19,2868600,.73799998,.154,.068999998,.012,.149,.34599999,.31400001,.131,.255,.089000002,.118,.259,.127,.153,.491,.509,69900,51497,26255,112297,15260,146,17049,270,3812,32725,,.011408004,.0013288712,.039146971,.024367288,19
4,0,,,7,6,12,2014,AR,29.669121,.27129492,1,-1.2830435,-.45775503,1.1542585,1,0,0,1,ARKANSAS,.57663125,0,,,7,6,12,2880000,.736,.153,.07,.012,.148,.32300001,.30599999,.15700001,.25600001,.089000002,.115,.25799999,.127,.156,.48699999,.51300001,69100,51972,26733,106664,14414,168,16442,204,2560,31228,,.010843055,.0008888889,.03703611,.023993056,12
4,0,5,5,6,5,11,2015,AR,29.77853,-.72174746,1,-1.5105048,-.46397844,1.1542585,1,0,1,0,ARKANSAS,.57663125,0,5,5,6,5,11,4730100,.73100001,.155,.071000002,.014,.146,.333,.368,.193,.25,.090000004,.116,.25600001,.12800001,.15899999,.486,.514,73200,52096,26731,97728,13436,199,15317,176,2560,29128,5,.0061580092,.00054121477,.020660874,.01547536,11
4,5,15,22,23,18,30,2016,AR,29.882481,-.72174746,1,-1.1775588,-.45432335,1.1542585,1,0,1,0,ARKANSAS,.55543464,0,10,17,18,13,25,2895400,.73000002,.153,.072999999,.014,.138,.28799999,.255,.12899999,.25299999,.090999998,.113,.25099999,.12899999,.163,.48800001,.51200002,72100,53342,28004,86476,12256,130,12987,222,2463,25595,10,.0088398838,.00085065968,.029866684,.024901569,25
4,,12,,16,14,23,2017,AR,,-.55354971,1,-.86463886,-.48685852,1.1542585,1,0,1,0,ARKANSAS,.52363986,0,,,,,,2910000,.72500002,.149,.075999998,.017000001,.13,.278,.237,.15000001,.25099999,.090999998,.113,.25,.13,.16500001,.48899999,.51099998,73100,54979,29299,79153,10893,89,11770,284,2467,23036,,.0079161515,.00084776635,.027200343,.025120275,
5,132,,,192,,279,2013,CA,383.35202,3.0505812,1,.06694603,1.9628385,2.5759046,0,1,0,1,CALIFORNIA,-.48319679,0,,,60,,147,37511300,.389,.055,.38499999,.13600001,.107,.26300001,.23100001,.122,.25299999,.102,.12899999,.273,.116,.126,.49399999,.50599998,600400,82885,43969,2041354,89921,1732,96004,2191,118552,189848,,.0050610881,.0031604343,.054419708,.016005844,147
5,116,,,172,157,239,2014,CA,386.80811,3.0505812,1,.3838284,1.9937649,2.5759046,0,1,0,1,CALIFORNIA,-.49379507,0,,,56,41,123,37981600,.38299999,.054000001,.38800001,.139,.104,.25400001,.228,.116,.25,.101,.131,.271,.118,.12899999,.493,.50700003,589600,83693,43476,1963430,88507,1884,94954,2369,115738,187714,,.0049422351,.0030472123,.05169424,.015523306,123
5,130,190,211,213,196,267,2015,CA,389.93939,1.8102102,1,.72105807,1.9917746,2.5759046,0,1,0,1,CALIFORNIA,-.49379507,0,60,81,83,66,137,4730100,.37799999,.054000001,.389,.141,.101,.22499999,.20999999,.114,.24600001,.1,.132,.26899999,.12,.133,.493,.50700003,550600,84199,43087,1782151,82367,1842,89299,2409,115738,175917,60,.03719097,.024468405,.37676814,.11640346,137
5,102,138,161,166,148,204,2016,CA,392.50018,1.8102102,1,1.0424383,2.0084372,2.5759046,0,1,0,1,CALIFORNIA,-.50439334,1,36,59,64,46,102,38442400,.375,.054000001,.38999999,.142,.096000001,.223,.19,.113,.245,.097999997,.133,.26699999,.121,.13699999,.49399999,.50599998,536100,86568,44192,1585372,74523,1553,80760,2177,118142,159013,36,.0041363961,.0030732213,.041240193,.013945539,102
5,,162,,186,173,233,2017,CA,,2.0419984,1,1.3767765,2.0009351,2.5759046,0,1,0,1,CALIFORNIA,-.50439334,1,,,,,,38713900,.37,.052999999,.39300001,.145,.089000002,.204,.17399999,.103,.242,.096000001,.13500001,.266,.122,.14,.49399999,.50599998,532000,90735,46219,1402738,66622,1463,73895,2032,131532,144012,,.0037199042,.0033975395,.036233447,.013741834,
6,10,,,20,,28,2013,CO,52.676029,.84960544,1,.69267893,.060015302,.13502835,0,1,0,1,COLORADO,-.69516242,0,,,10,,18,5130200,.69400001,.035999998,.211,.028999999,.093000002,.23899999,.235,.097999997,.25099999,.094999999,.13,.27500001,.127,.123,.498,.50199997,120700,75333,40298,212756,6935,60,8505,91,9754,15591,,.0030390627,.0019012904,.041471288,.023527348,18
6,13,,,22,21,25,2014,CO,53.496479,.84960544,1,.43234062,.04802784,.13502835,0,1,0,1,COLORADO,-.68456411,0,,,9,8,12,5217000,.69,.037,.212,.028999999,.088,.2,.215,.106,.24699999,.093999997,.133,.271,.127,.12800001,.498,.50199997,119800,76398,41980,200689,6863,70,8071,109,9953,15113,,.0028968756,.0019078014,.038468275,.02296339,12
6,14,29,32,30,28,30,2015,CO,54.48819,.15070531,1,1.0380474,.045106515,.13502835,0,0,0,1,COLORADO,-.67396581,0,15,18,16,14,16,4730100,.68599999,.039000001,.214,.029999999,.082000002,.191,.19499999,.167,.245,.093000002,.13600001,.26800001,.12800001,.131,.498,.50199997,120000,77428,42150,178341,6192,48,7255,106,9953,13601,15,.0028754149,.0021041839,.037703432,.025369443,16
6,22,31,32,32,32,36,2016,CO,55.405449,.15070531,1,1.4631989,.088407077,.13502835,0,0,0,1,COLORADO,-.66336757,1,9,10,10,10,14,5398100,.68699998,.039000001,.213,.030999999,.081,.19,.17200001,.116,.241,.093000002,.13500001,.26800001,.12800001,.13500001,.49900001,.50099999,121900,79776,44366,156309,5553,59,6159,109,10550,11880,9,.0022007744,.0019543914,.0289563,.022582019,14
6,,31,,34,33,45,2017,CO,,.18937932,1,1.8493692,.10239242,.13502835,0,0,0,1,COLORADO,-.67396581,1,,,,,,5461100,.68300003,.037999999,.21600001,.030999999,.082999997,.13600001,.163,.086000003,.23800001,.090000004,.139,.266,.12800001,.14,.49900001,.50099999,122600,82905,47687,139583,4625,40,4890,57,10940,9612,,.001760085,.0020032595,.025559504,.022449689,
7,1,,,11,,13,2013,CT,35.96003,.48262185,0,1.1649504,.36169136,.36570904,0,1,0,1,CONNECTICUT,-.069863863,1,,,10,,12,3479000,.69499999,.096000001,.146,.041000001,.061000001,.199,.25,.106,.235,.082000002,.111,.28600001,.13699999,.15000001,.486,.514,62900,90185,42208,171894,14315,465,18135,228,4448,33143,,.009526588,.0012785284,.049409024,.018079909,12
7,2,,,3,1,5,2014,CT,35.918732,.48262185,0,1.419827,.37906757,.36570904,0,1,0,1,CONNECTICUT,-.059265584,1,,,1,-1,3,3480400,.68800002,.094999999,.15099999,.041999999,.059999999,.186,.241,.072999999,.23100001,.083999999,.11,.28299999,.139,.154,.486,.514,62300,91087,42838,168240,14289,526,18533,173,4047,33521,,.0096313646,.0011627973,.04833927,.017900242,3
7,0,2,4,4,2,4,2015,CT,35.847301,-.21736115,0,1.7119713,.35443065,.36570904,0,1,0,1,CONNECTICUT,-.038069025,1,2,4,4,2,4,4730100,.68000001,.098999999,.155,.043000001,.057999998,.18700001,.252,.061999999,.229,.086999997,.108,.278,.142,.156,.48699999,.51300001,61000,92047,42917,155430,13838,567,17262,215,4047,31882,2,.0067402381,.00085558445,.032859769,.012896134,4
7,2,4,5,6,5,15,2016,CT,35.764519,-.21736115,0,2.0368855,.32185313,.36570904,0,1,0,1,CONNECTICUT,-.038069025,1,2,3,4,3,13,3465100,.676,.097999997,.15800001,.045000002,.057999998,.182,.19400001,.096000001,.22499999,.088,.11,.27200001,.145,.16,.486,.514,59600,94523,43732,139180,12726,507,15554,295,3902,29082,2,.0083928313,.0011260859,.040166229,.017200081,13
7,,6,,6,5,17,2017,CT,,-.24044779,0,1.7002984,.21443047,.36570904,0,0,0,1,CONNECTICUT,-.038069025,1,,,,,,3478700,.667,.097000003,.163,.045000002,.057999998,.147,.204,.088,.222,.086000003,.114,.26699999,.147,.16599999,.486,.514,56000,97169,45972,125999,11459,553,13701,233,3388,25946,,.0074585332,.00097392703,.036220141,.016097968,
8,0,,,2,,5,2013,DE,9.2539501,.81065404,0,-.50160027,-.3169747,-.28164959,0,1,0,1,DELAWARE,1.1171435,0,,,2,,5,898500,.64300001,.205,.089000002,.037999999,.086999997,.16599999,.373,0,.235,.086999997,.117,.271,.133,.15800001,.48199999,.51800001,23700,71437,45945,37683,6034,87,6119,95,946,12335,,.013728436,.0010528659,.041939899,.026377296,5
8,2,,,3,4,7,2014,DE,9.3494797,.81065404,0,.066303484,-.081262879,-.28164959,0,1,0,1,DELAWARE,1.1489384,0,,,1,2,5,905300,.639,.20999999,.089000002,.039000001,.094999999,.221,.162,.052999999,.234,.093000002,.112,.26100001,.13699999,.164,.48199999,.51800001,23300,71990,46149,36647,5589,82,5903,66,953,11640,,.012857616,.0010526897,.040480502,.025737325,5
8,3,3,4,4,3,7,2015,DE,9.4407597,.11591193,0,.091362782,-.0072495211,-.28164959,0,1,0,1,DELAWARE,1.1595366,0,0,1,1,0,4,4730100,.63200003,.20900001,.090999998,.039000001,.079000004,.227,.29899999,.092,.23100001,.090000004,.115,.25799999,.138,.169,.479,.52200001,22700,71856,47242,33141,4751,62,5466,75,953,10354,0,.0021889601,.00020147566,.0070064059,.0047990531,4
8,0,1,1,1,1,1,2016,DE,9.5206499,.11591193,0,.12241919,-.052351888,-.28164959,0,1,0,1,DELAWARE,1.1807332,0,1,1,1,1,1,924300,.63,.207,.092,.039999999,.079999998,.15099999,.287,.085000001,.228,.081,.121,.25299999,.141,.176,.47999999,.51999998,22400,72470,47450,30885,4303,153,5126,99,1070,9681,1,.010473873,.0011576328,.033414476,.024234556,1
8,,6,,7,7,7,2017,DE,,.1203301,0,.57991207,-.23092267,-.28164959,0,1,0,1,DELAWARE,1.1913315,0,,,,,,931700,.62599999,.212,.092,.039999999,.093999997,.19,.20200001,.123,.22400001,.083999999,.119,.249,.14300001,.183,.48100001,.51899999,21800,74688,48850,27774,3875,180,4513,74,994,8642,,.0092755174,.001066867,.029810024,.02339809,
9,,,,,,,2013,,,,,,,,,,,,DISTRICT OF COLUMBIA,,,,,,,,610300,.35100001,.486,.104,.030999999,.079000004,.28600001,.155,.234,.18700001,.113,.207,.266,.111,.116,.46799999,.53200001,13700,108622,39699,37351,14099,189,14773,239,6865,29300,,.048009176,.011248566,.061201047,.022447977,
9,,,,,,,2014,,,,,,,,,,,,DISTRICT OF COLUMBIA,,,,,,,,623500,.354,.48199999,.105,.035999998,.066,.25099999,.15800001,.12800001,.18799999,.104,.213,.271,.109,.115,.47400001,.52600002,11900,111430,40829,37106,13879,169,14767,245,7298,29060,,.046607859,.011704892,.059512429,.019085806,
9,,,,,,,2015,,,,,,,,,,,,DISTRICT OF COLUMBIA,,,,,,,,4730100,.35499999,.472,.107,.037,.068999998,.252,.127,.107,.189,.105,.212,.27000001,.111,.113,.47499999,.52499998,10600,113632,40677,34512,13065,191,13175,295,7298,26726,,.0056501976,.001542885,.0072962516,.0022409675,
9,,,,,,,2016,,,,,,,,,,,,DISTRICT OF COLUMBIA,,,,,,,,644400,.359,.46799999,.111,.037,.075999998,.28099999,.21699999,.14,.192,.102,.211,.27000001,.107,.119,.47099999,.52899998,10400,118203,40560,32062,12671,187,12037,309,8350,25204,,.039112352,.01295779,.04975481,.016139043,
9,,,,,,,2017,,,,,,,,,,,,DISTRICT OF COLUMBIA,,,,,,,,657600,.36000001,.45899999,.11,.041000001,.059,.249,.154,.175,.191,.097999997,.215,.26899999,.104,.124,.47099999,.52999997,9900,122552,41387,29914,11658,205,11148,263,7473,23274,,.035392337,.011364051,.045489658,.015054745,
10,0,,,100,,115,2013,FL,195.82022,.94499612,1,-.9656257,1.0151558,-.48217627,1,0,1,0,FLORIDA,.5448364,0,,,100,,115,19093200,.56300002,.152,.23800001,.026000001,.119,.28200001,.22,.138,.219,.089000002,.109,.26499999,.131,.18700001,.48500001,.51499999,389400,56505,34282,1010315,125565,2115,132598,2834,47862,263112,,.013780404,.0025067562,.052914914,.020394696,115
10,0,,,102,79,118,2014,FL,198.88741,.94499612,1,-1.1526066,.98724097,-.48217627,1,0,1,0,FLORIDA,.55543464,0,,,102,79,118,19431100,.55699998,.153,.243,.026000001,.116,.26899999,.21799999,.13600001,.21699999,.088,.111,.26100001,.131,.192,.48500001,.51499999,382600,57046,34467,946524,122140,2258,127179,2807,35900,254384,,.01309159,.0018475536,.048711807,.019690085,118
10,0,61,71,82,66,87,2015,FL,202.44914,-.084108517,1,-.86506718,1.0236038,-.48217627,1,0,1,0,FLORIDA,.55543464,0,61,71,82,66,87,4730100,.55199999,.153,.24699999,.027000001,.111,.249,.206,.125,.215,.086000003,.112,.259,.133,.19599999,.484,.51599997,375800,57539,34664,845533,113304,2105,117346,2630,35900,235385,61,.049763218,.0075896913,.17875583,.07944864,87
10,0,60,73,78,68,111,2016,FL,206.12439,-.084108517,1,-.61329621,1.1454064,-.48217627,1,0,1,0,FLORIDA,.5342381,0,60,73,78,68,111,20144000,.54699999,.15099999,.25099999,.027000001,.106,.227,.19,.123,.213,.085000001,.113,.255,.134,.2,.48500001,.51499999,366000,59209,35722,741449,101509,2047,105045,2085,33559,210686,60,.010458996,.0016659552,.036807436,.018169181,111
10,,58,,71,61,104,2017,FL,,-.12570412,1,-.34503317,.9878931,-.48217627,1,0,1,0,FLORIDA,.5448364,0,,,,,,20532300,.53899997,.15099999,.25799999,.028000001,.1,.21699999,.177,.13500001,.213,.082999997,.114,.25400001,.13500001,.20200001,.48500001,.51499999,361600,61468,37280,646740,88061,1967,93074,1619,32190,184721,,.0089966049,.0015677738,.031498663,.017611276,
11,12,,,31,,65,2013,GA,99.84938,-.085839592,0,-1.0134953,-.11511819,-.51378411,1,0,1,0,GEORGIA,2.1451766,0,,,19,,53,9690900,.54900002,.30399999,.090999998,.035,.126,.26800001,.31299999,.147,.26699999,.093999997,.119,.28099999,.118,.12,.48300001,.51700002,624200,63079,36055,511805,121053,1381,118518,1914,16971,242866,,.025061242,.0017512306,.052812949,.06441094,53
11,9,,,31,27,53,2014,GA,100.87231,-.085839592,0,-.78689075,-.10558777,-.51378411,1,0,1,0,GEORGIA,2.1875699,0,,,22,18,44,9792900,.54500002,.30599999,.092,.037,.121,.27599999,.301,.108,.264,.093999997,.121,.278,.119,.124,.48199999,.51899999,579600,63671,36356,488862,118937,1356,114540,1838,13790,236671,,.02416761,.0014081631,.049920045,.059185736,44
11,6,29,39,40,30,52,2015,GA,101.99398,-.78107786,0,-.65698934,-.092855737,-.51378411,1,0,1,0,GEORGIA,2.1875699,0,23,33,34,24,46,4730100,.54000002,.30700001,.093000002,.037999999,.112,.25,.271,.107,.26300001,.092,.12,.27700001,.121,.127,.48199999,.51800001,540000,63965,36655,440556,111147,1344,103693,1830,13790,218014,23,.046090782,.0029153717,.093138836,.11416249,46
11,5,26,30,29,28,51,2016,GA,103.10371,-.78107786,0,-.36152518,-.082258113,-.51378411,1,0,1,0,GEORGIA,2.2299631,0,21,25,24,23,46,10001000,.53399998,.308,.093999997,.037999999,.107,.223,.23999999,.123,.26100001,.090999998,.121,.273,.122,.133,.48100001,.51899999,,65914,37887,392962,100487,1404,94972,1568,12909,198431,21,.019841116,.0012907709,.039292272,,46
11,,29,,40,32,69,2017,GA,,-.84471792,0,.012115422,-.23385128,-.51378411,1,0,1,0,GEORGIA,2.2087665,0,,,,,,10121400,.52899998,.30899999,.096000001,.039999999,.098999999,.21799999,.23800001,.097000003,.25799999,.090000004,.12,.27200001,.124,.13600001,.48100001,.51899999,502700,68343,40112,348686,90409,1510,85310,1463,10174,178692,,.01765487,.0010051969,.034450371,.049667042,
12,2,,,4,,4,2013,HI,14.06481,.99501961,0,.48245922,3.9388061,-1.71207,0,1,0,1,HAWAII,-.87533319,0,,,2,,2,1331500,.21699999,.015,.096000001,.38299999,.106,0,.097999997,.105,.236,.090000004,.121,.25799999,.133,.162,.48899999,.51099998,28900,85655,59336,45551,459,0,682,5,6335,1146,,.00086068345,.0047577918,.034210291,.021704843,2
12,0,,,4,2,4,2014,HI,14.16349,.99501961,0,1.5335577,4.087039,-1.71207,0,1,0,1,HAWAII,-.87533319,0,,,4,2,4,1348100,.21699999,.017000001,.098999999,.37400001,.105,0,.149,.109,.233,.086999997,.126,.25600001,.132,.167,.491,.509,28300,86430,61829,43236,641,0,629,7,7620,1277,,.00094725913,.0056523997,.032071806,.020992508,4
12,2,2,5,4,2,6,2015,HI,14.25157,-.10155632,0,.81508398,4.0732207,-1.71207,0,1,0,1,HAWAII,-.88593143,0,0,3,2,0,4,4730100,.21699999,.015,.101,.36899999,.101,0,.171,.104,.233,.089000002,.125,.252,.131,.17,.49000001,.50999999,28300,87777,62115,39327,562,0,636,14,7620,1212,0,.00025623137,.0016109596,.0083142007,.0059829601,4
12,5,6,7,7,6,7,2016,HI,14.28557,-.10155632,0,1.6310105,6.4133654,-1.71207,0,1,0,1,HAWAII,-.90712798,0,1,2,2,1,2,1364600,.211,.013,.102,.37599999,.082000002,0,.109,.1,.23199999,.082000002,.123,.25400001,.13500001,.175,.49200001,.50800002,27500,90877,66009,35899,608,0,383,20,7921,1011,1,.00074087642,.0058046314,.026307343,.020152425,2
12,,3,,5,3,5,2017,HI,,-.082455665,0,1.7854358,3.7302747,-1.71207,0,1,0,1,HAWAII,-.91772628,1,,,,,,1356100,.207,.0099999998,.102,.382,.102,0,.18799999,.094999999,.23100001,.074000001,.125,.252,.134,.184,.48800001,.51200002,27100,94123,68825,31851,655,0,433,18,7220,1106,,.00081557408,.0053240913,.023487207,.019983778,
13,1,,,4,,7,2013,ID,16.12011,-.021507813,0,-.55000538,-.40533319,-.21902828,1,0,1,0,IDAHO,-1.0343074,0,,,3,,6,1580900,.833,0,.118,.016000001,.14300001,0,.241,0,.28,.093000002,.116,.25,.123,.139,.49900001,.50099999,45500,56707,33935,61483,371,0,425,0,1781,796,,.00050351064,.0011265734,.038891137,.028781073,6
13,0,,,4,4,4,2014,ID,16.33532,-.021507813,0,-.37105629,-.41129333,-.21902828,1,0,1,0,IDAHO,-1.0237091,0,,,4,4,4,1598800,.829,.0099999998,.121,.014,.12899999,0,.25299999,.13699999,.278,.093999997,.114,.24600001,.124,.14399999,.49599999,.50400001,48600,57408,33391,56283,320,0,349,0,1966,669,,.00041843884,.0012296722,.035203278,.030397799,4
13,2,7,8,8,6,8,2015,ID,16.52828,-1.0188777,0,-.56531942,-.40493152,-.21902828,1,0,1,0,IDAHO,-1.0343074,0,5,6,6,4,6,4730100,.82800001,.0099999998,.119,.011,.12899999,0,.20999999,.13,.27599999,.092,.115,.24600001,.125,.147,.49700001,.50300002,48700,57628,37928,50005,344,0,370,10,1966,724,5,.0001530623,.00041563602,.010571658,.010295765,6
13,0,6,5,6,7,9,2016,ID,16.8314,-1.0188777,0,-.036289722,-.39317453,-.21902828,1,0,1,0,IDAHO,-1.0237091,0,6,5,6,7,9,1650700,.82499999,.0099999998,.123,.014,.127,0,.243,0,.27399999,.088,.118,.242,.124,.153,.49599999,.50400001,48800,59554,41690,43389,401,8,295,13,2247,717,6,.00043436119,.0013612406,.026285212,.029563216,9
13,,6,,6,6,9,2017,ID,,-.98572206,0,.35394999,-.42087072,-.21902828,1,0,1,0,IDAHO,-1.0237091,0,,,,,,1682100,.82099998,.0099999998,.124,.013,.119,.602,.18799999,.15700001,.273,.089000002,.113,.244,.126,.154,.50099999,.49900001,50300,61658,37216,37969,356,13,197,15,2037,581,,.00034540158,.0012109863,.02257238,.029903097,
14,14,,,27,,52,2013,IL,128.79504,1.4251662,0,.031391807,-.22006664,-1.1367444,0,1,0,1,ILLINOIS,.39646047,0,,,13,,38,12571100,.62800002,.138,.16599999,.048999999,.093000002,.31900001,.2,.116,.248,.093999997,.125,.27500001,.125,.133,.48899999,.51099998,222700,72182,34210,649694,88662,1184,88557,1011,13425,179414,,.014271941,.0010679256,.051681556,.017715236,38
14,16,,,36,30,57,2014,IL,128.67545,1.4251662,0,-.21277574,-.1584778,-1.1367444,0,1,0,1,ILLINOIS,.40705875,0,,,20,14,41,12569400,.62300003,.138,.168,.050999999,.093000002,.31200001,.19499999,.111,.24600001,.093000002,.124,.27200001,.12800001,.13699999,.48800001,.51200002,219000,72851,34174,620086,89246,1287,86860,1136,13177,178529,,.014203463,.0010483396,.049332984,.017423267,41
14,6,21,23,23,22,31,2015,IL,128.39047,.76694357,0,.37590364,-.13269962,-1.1367444,0,1,1,0,ILLINOIS,.40705875,0,15,17,17,16,25,4730100,.61900002,.139,.17,.052000001,.086999997,.287,.2,.117,.243,.093999997,.124,.27000001,.12899999,.141,.48699999,.51300001,215100,73408,33730,562783,83983,1277,82374,1289,13177,168923,15,.035712354,.0027857763,.11897909,.045474727,25
14,5,26,29,33,28,53,2016,IL,128.0154,.76694357,0,.48010322,-.1654644,-1.1367444,0,1,1,0,ILLINOIS,.39646047,1,21,24,28,23,48,12491200,.61799997,.13699999,.171,.052999999,.089000002,.26800001,.167,.111,.242,.090000004,.125,.26699999,.131,.145,.48800001,.51200002,204200,75354,34404,504167,77845,1594,77045,1011,11590,157495,21,.012608476,.00092785322,.040361773,.016347509,48
14,,20,,28,24,40,2017,IL,,.80777937,0,.8252576,-.35960948,-1.1367444,0,1,1,0,ILLINOIS,.39646047,1,,,,,,12496600,.61299998,.13699999,.17399999,.054000001,.089000002,.26100001,.152,.114,.241,.089000002,.124,.26300001,.132,.15000001,.48899999,.51099998,189000,77913,35572,453712,72060,1673,71112,1048,10798,145893,,.011674616,.00086407503,.036306836,.015124113,
15,12,,,22,,39,2013,IN,65.691017,.70095736,0,-.6800139,-.29793882,-.99837619,1,0,1,0,INDIA,-.13345355,0,,,10,,27,6366500,.80699998,.088,.064999998,.017999999,.127,.30899999,.30399999,.183,.257,.092,.115,.26899999,.12899999,.138,.48899999,.51099998,179400,60041,30290,293032,25372,351,24461,360,6096,50544,,.0079390556,.00095751201,.046027172,.028178748,27
15,10,,,11,10,21,2014,IN,65.952332,.70095736,0,-.94699186,-.24169116,-.99837619,1,0,1,0,INDIA,-.11225698,0,,,1,0,11,6386700,.80500001,.090999998,.064999998,.018999999,.121,.315,.27900001,.167,.25400001,.093000002,.116,.266,.13,.142,.49000001,.50999999,175200,60618,30531,269392,24567,377,23697,319,5863,48960,,.0076659308,.00091800146,.042180154,.027432008,11
15,5,19,21,22,20,35,2015,IN,66.127678,-.74876058,0,-.52687371,-.22814998,-.99837619,1,0,1,0,INDIA,-.13345355,0,14,16,17,15,30,4730100,.801,.090000004,.066,.02,.12,.29899999,.27399999,.182,.25299999,.094999999,.114,.26199999,.132,.145,.49000001,.50999999,166000,61173,30349,239622,23203,324,22147,300,5863,45974,14,.0097194565,.0012395086,.050658971,.035094395,30
15,7,14,20,19,15,25,2016,IN,66.330528,-.74876058,0,-.086622506,-.27304631,-.99837619,1,0,1,0,INDIA,-.11225698,0,7,13,12,8,18,6431400,.79799998,.090999998,.068000004,.021,.111,.27900001,.242,.226,.252,.093999997,.115,.257,.133,.149,.49000001,.50999999,159900,62593,31171,211067,21185,362,21369,336,5798,43252,7,.0067251297,.00090151443,.032818206,.024862394,18
15,,19,,19,19,42,2017,IN,,-.69119418,0,.21098347,-.58132076,-.99837619,1,0,1,0,INDIA,-.11225698,0,,,,,,6459400,.79400003,.090999998,.07,.021,.11,.26100001,.214,.17,.25,.092,.117,.25600001,.133,.153,.49000001,.50999999,163500,64779,32163,186355,19160,388,19446,274,5438,39268,,.0060792025,.00084187387,.028850203,.025311949,
16,0,,,5,,15,2013,IA,30.9193,.77012867,0,-.21930829,-.5058738,.42967629,0,0,1,0,IOWA,-.7375555,0,,,5,,15,2990300,.87599999,.032000002,.054000001,.02,.111,.324,.233,.20299999,.25,.090999998,.115,.25799999,.134,.152,.49399999,.50599998,45900,63073,27060,86486,2945,15,3302,68,3084,6330,,.0021168445,.0010313346,.028922182,.01534963,15
16,3,,,10,8,18,2014,IA,31.080299,.77012867,0,.097145699,-.50937223,.42967629,0,0,1,0,IOWA,-.75875211,0,,,7,5,15,3002100,.87300003,.033,.055,.021,.106,.345,.205,.176,.248,.090000004,.116,.255,.134,.156,.49700001,.50300002,46500,64199,27745,81452,2818,0,3339,135,3081,6292,,.0020958662,.0010262816,.027131675,.015489157,15
16,4,5,5,5,5,10,2015,IA,31.219971,-.2578989,0,.42323789,-.50379616,.42967629,0,0,1,0,IOWA,-.7375555,0,1,1,1,1,6,4730100,.86900002,.030999999,.056000002,.022,.104,.36399999,.30899999,.257,.24600001,.092,.116,.252,.13600001,.15800001,.495,.505,46700,64778,28670,74373,2818,0,3405,128,3081,6351,1,.0013426777,.00065136043,.015723346,.0098729413,6
16,5,5,5,5,5,21,2016,IA,31.34693,-.2578989,0,.23465058,-.49720529,.42967629,0,0,1,0,IOWA,-.71635896,0,0,0,0,0,16,3030400,.866,.033,.057,.024,.096000001,.29100001,.243,.14300001,.244,.090999998,.116,.25099999,.13500001,.163,.495,.505,46700,66527,29802,68229,2495,0,2944,96,3064,5535,0,.0018264916,.0010110877,.02251485,.015410507,16
16,,5,,6,5,15,2017,IA,,-.40100083,0,.70445895,-.47576448,.42967629,1,0,1,0,IOWA,-.7375555,0,,,,,,3045600,.85900003,.030999999,.059,.027000001,.086999997,.329,.14300001,.14399999,.248,.090000004,.115,.248,.13600001,.164,.493,.50700003,47000,69105,30505,62454,2234,0,2791,93,2756,5118,,.001680457,.00090491201,.020506304,.015432099,
17,1,,,6,,18,2013,KS,28.928209,-.12051655,0,-.58020508,-.62573683,-.21817821,1,0,1,0,KANSAS,-.48319679,0,,,5,,17,2796500,.773,.056000002,.111,.024,.108,.26899999,.234,.161,.26499999,.093999997,.12,.25400001,.127,.139,.49399999,.50599998,37100,64749,32311,95703,5724,81,6834,34,2693,12673,,.004531736,.00096298946,.03422242,.013266583,17
17,2,,,15,14,27,2014,KS,28.993601,-.12051655,0,-.37041375,-.61865819,-.21817821,1,0,1,0,KANSAS,-.48319679,0,,,13,12,25,2810700,.76999998,.054000001,.114,.025,.106,.24699999,.27900001,.134,.266,.094999999,.119,.25099999,.12800001,.141,.491,.509,37400,65700,32903,89727,5675,34,5886,81,2588,11676,,.0041541252,.00092076708,.031923365,.013306294,25
17,1,9,11,13,10,22,2015,KS,29.067209,-.79867494,0,-.21823739,-.61405957,-.21817821,1,0,1,0,KANSAS,-.47259852,0,8,10,12,9,21,4730100,.76499999,.057,.116,.028999999,.1,.26100001,.20900001,.162,.264,.093000002,.119,.25099999,.13,.14399999,.493,.50700003,37400,66166,33677,80555,4764,42,5311,80,2588,10197,8,.0021557685,.00054713432,.017030295,.0079068094,21
17,0,10,11,11,9,20,2016,KS,29.072889,-.79867494,0,-.0099453302,-.62181914,-.21817821,1,0,1,0,KANSAS,-.50439334,0,10,11,11,9,20,2817000,.76499999,.056000002,.117,.027000001,.1,.27500001,.182,.118,.26199999,.096000001,.116,.248,.13,.148,.49399999,.50599998,38500,67823,33887,71664,4011,45,4562,82,2255,8700,10,.0030883919,.00080049696,.02543983,.013667022,20
17,,12,,16,14,25,2017,KS,,-.60886312,0,.10378534,-.6073947,-.21817821,1,0,1,0,KANSAS,-.50439334,0,,,,,,2817600,.76099998,.052999999,.119,.029999999,.097999997,.27900001,.167,.161,.25999999,.093999997,.117,.244,.132,.153,.495,.505,38900,70126,34664,63885,3811,48,4156,91,2287,8106,,.0028769164,.00081168371,.022673553,.013806076,
18,3,,,7,,12,2013,KY,44.004768,.092229627,0,-1.5790431,-.66764992,-.13725218,0,0,0,1,KENTUCKY,-.25003463,0,,,4,,9,4260900,.86000001,.075999998,.032000002,.012,.17,.278,.28400001,.142,.245,.092,.114,.27200001,.133,.14399999,.48899999,.51099998,97600,54498,29251,188278,12823,74,12866,151,5245,25914,,.0060818135,.0012309606,.044187378,.022905959,9
18,2,,,20,18,27,2014,KY,44.130569,.092229627,0,-1.5117899,-.66658556,-.13725218,0,0,0,1,KENTUCKY,-.2606329,0,,,18,16,25,4268800,.85799998,.075000003,.033,.012,.167,.322,.34599999,.233,.243,.090999998,.113,.271,.134,.148,.491,.509,103600,55166,28858,180101,12623,103,12264,165,4538,25155,,.0058927569,.0010630622,.042190079,.024269115,25
18,5,16,19,18,16,22,2015,KY,44.246109,-.75489283,0,-1.5545193,-.65395123,-.13725218,0,0,0,1,KENTUCKY,-.25003463,0,11,14,13,11,17,4730100,.85500002,.078000002,.033,.014,.16599999,.292,.30399999,.14300001,.242,.090000004,.112,.26699999,.13600001,.152,.48899999,.51099998,103700,55688,29358,162871,11184,105,11500,189,4538,22978,11,.0048578256,.00095938775,.034432888,.021923427,17
18,7,18,22,23,20,24,2016,KY,44.36974,-.75489283,0,-1.2351738,-.66566026,-.13725218,0,0,1,0,KENTUCKY,-.22883807,0,11,15,16,13,17,4287700,.852,.079999998,.034000002,.014,.168,.31299999,.32699999,.156,.242,.090000004,.113,.26300001,.13699999,.155,.48800001,.51200002,97900,56922,30418,145275,9836,120,9911,143,4237,20010,11,.0046668379,.00098817551,.033881802,.022832755,17
18,,17,,19,17,30,2017,KY,,-.69047719,0,-.59487653,-.69942766,-.13725218,1,0,1,0,KENTUCKY,-.23943634,0,,,,,,4307100,.84899998,.079000004,.035,.015,.162,.249,.25999999,.16,.242,.088,.114,.25999999,.13699999,.15899999,.491,.509,103000,59071,32160,130615,9192,142,9912,154,4025,19400,,.0045041908,.00093450351,.03032551,.023914002,
19,4,,,15,,25,2013,LA,46.264019,.34891239,1,-1.850626,.28104681,-.22038837,1,0,1,0,LOUISIA,2.3147492,0,,,11,,21,4483200,.59899998,.31799999,.046,.016000001,.118,.338,.252,.12800001,.257,.1,.126,.25799999,.12800001,.131,.48199999,.51800001,115700,57260,28070,178471,43749,555,46970,521,5226,91795,,.02047533,.0011656852,.039808843,.025807459,21
19,9,,,26,21,46,2014,LA,46.478802,.34891239,1,-1.5524845,.33033296,-.22038837,1,0,1,0,LOUISIA,2.3147492,0,,,17,12,37,4508500,.59600002,.31900001,.046999998,.017000001,.121,.33000001,.25400001,.126,.25600001,.097999997,.126,.25600001,.12800001,.13600001,.48199999,.51800001,113600,57681,28116,176490,43041,688,46208,489,4081,90426,,.020056782,.00090517913,.039146058,.02519685,37
19,10,27,27,30,26,46,2015,LA,46.689602,-.60049528,1,-1.1759524,.41347116,-.22038837,1,0,1,0,LOUISIA,2.2935526,0,17,17,20,16,36,4730100,.59399998,.31799999,.048999999,.017000001,.126,.317,.244,.145,.255,.096000001,.126,.25299999,.13,.14,.48300001,.51700002,114600,58260,27756,166201,40303,557,42898,504,4081,84262,17,.017813999,.00086277246,.03513689,.024227818,36
19,4,19,22,25,20,30,2016,LA,46.816662,-.60049528,1,-1.5749736,.38112777,-.22038837,1,0,1,0,LOUISIA,2.3147492,0,15,18,21,16,26,4530500,.59399998,.31799999,.048999999,.017000001,.126,.34,.242,.169,.255,.093000002,.126,.252,.13,.145,.48300001,.51700002,111000,59392,28095,157674,37999,588,40613,410,3994,79610,15,.017572012,.0008815804,.03480278,.024500607,26
19,,19,,22,20,34,2017,LA,,-.42833474,1,-1.3921692,.19350815,-.22038837,1,0,1,0,LOUISIA,2.3147492,0,,,,,,4541500,.588,.31799999,.052000001,.017999999,.122,.33700001,.245,.167,.255,.093999997,.121,.25099999,.131,.149,.48199999,.51800001,111300,60968,28743,147942,34632,621,38162,321,3305,73736,,.016236044,.00072773313,.032575581,.024507321,
20,4,,,5,,6,2013,ME,13.29076,-.26170048,1,-.72627723,-.70302325,-1.0423145,0,1,1,0,MAINE,-.98131597,0,,,1,,2,1291900,.94099998,.0099999998,.013,.0099999998,.125,.57700002,.28200001,0,.206,.079999998,.1,.28,.15800001,.176,.48800001,.51200002,10500,59427,27020,49236,411,3,614,0,3016,1028,,.00079572725,.0023345461,.03811131,.0081275636,2
20,6,,,6,6,8,2014,ME,13.30719,-.26170048,1,-.55610961,-.70427263,-1.0423145,0,1,1,0,MAINE,-.96011943,0,,,0,0,2,1293800,.93800002,.012,.012,.0099999998,.13600001,.484,.131,0,.204,.079000004,.102,.27399999,.16,.182,.48199999,.51800001,10100,60154,24370,47456,415,3,607,0,2372,1025,,.00079223991,.0018333591,.036679547,.0078064618,2
20,2,2,2,2,2,4,2015,ME,13.29453,-.77155006,1,-.65827441,-.70070302,-1.0423145,0,0,1,0,MAINE,-.98131597,0,0,0,0,0,2,4730100,.93699998,.011,.015,.011,.12,.491,.219,0,.2,.079999998,.1,.26899999,.161,.19,.48899999,.51099998,10100,60643,23453,43256,361,3,728,0,2372,1092,0,.00023086193,.0005014693,.009144838,.0021352614,2
20,2,2,2,2,2,3,2016,ME,13.31479,-.77155006,1,-.64756531,-.70114636,-1.0423145,0,0,1,0,MAINE,-.94952112,0,0,0,0,0,1,1293800,.93599999,.015,.015,.012,.12,.49000001,.134,0,.205,.071999997,.107,.26300001,.161,.193,.486,.514,10300,61950,27794,37610,395,0,627,0,2241,1022,0,.00078992115,.001732107,.029069409,.007961045,1
20,,9,,10,8,13,2017,ME,,-.78002501,1,-.56103575,-.70311248,-1.0423145,0,0,1,0,MAINE,-.96011943,0,,,,,,1300200,.93699998,.011,.016000001,.011,.106,0,.19400001,0,.20100001,.071000002,.11,.25799999,.161,.199,.48899999,.51099998,10400,64679,28018,32984,324,7,542,0,2280,873,,.00067143515,.0017535763,.025368406,.0079987692,
21,17,,,25,,40,2013,MD,59.311291,.93944073,0,.89518803,1.1866039,-1.1570529,0,1,0,1,MARYLAND,1.9968008,0,,,8,,23,5767500,.53200001,.289,.090999998,.059999999,.07,.153,.13,.094999999,.241,.088,.123,.28400001,.12899999,.133,.48300001,.51700002,74800,92628,58091,239336,53556,1222,58504,1273,8205,114555,,.019862158,.0014226268,.041497357,.012969224,23
21,11,,,24,18,31,2014,MD,59.672951,.93944073,0,2.0628016,.78003389,-1.1570529,0,1,0,1,MARYLAND,2.0073991,0,,,13,7,20,5819300,.52499998,.29100001,.093999997,.061999999,.068999998,.139,.13500001,.101,.23999999,.089000002,.124,.28,.131,.13699999,.48199999,.51800001,109700,93724,58657,237611,54350,1525,58352,1337,8390,115564,,.019858746,.0014417542,.040831544,.018851064,20
21,9,15,17,20,16,24,2015,MD,59.949829,-.19942166,0,1.7874705,.97571987,-1.1570529,0,1,1,0,MARYLAND,1.9862025,0,6,8,11,7,15,4730100,.51899999,.28799999,.094999999,.064000003,.068000004,.149,.149,.074000001,.237,.090999998,.122,.27700001,.133,.141,.47999999,.51999998,104500,94111,59021,219768,50782,1475,52687,1310,8390,106254,6,.022463372,.0017737468,.046461597,.022092557,15
21,9,15,16,19,16,25,2016,MD,60.164471,-.19942166,0,1.8052477,.9755311,-1.1570529,0,1,1,0,MARYLAND,2.0179973,0,6,7,10,7,16,5856500,.514,.29300001,.097999997,.063000001,.068999998,.12800001,.127,.077,.23800001,.085000001,.124,.27399999,.134,.146,.47999999,.51999998,99000,95994,60593,199478,44972,1294,48586,1232,7689,96084,6,.016406385,.0013129002,.034060959,.016904294,16
21,,9,,14,11,28,2017,MD,,-.2256379,0,2.5895824,.92512286,-1.1570529,0,1,1,0,MARYLAND,2.0285957,0,,,,,,5892900,.50700003,.292,.102,.064999998,.064000003,.134,.14,.071000002,.236,.085000001,.123,.271,.13699999,.149,.48199999,.51800001,98400,99209,62827,182847,40927,1462,44389,1215,7247,87993,,.014932036,.001229785,.031028356,.016698061,
22,0,,,15,,21,2013,MA,67.067863,1.4032919,0,.6489858,-.16439667,-.57237542,0,1,0,1,MASSACHUSETTS,-.40900883,0,,,15,,21,6451500,.74800003,.063000001,.106,.056000002,.083999999,.20299999,.29699999,.133,.223,.090999998,.122,.28299999,.133,.148,.484,.51599997,91100,89668,43345,292936,17966,275,18411,252,19029,36904,,.00572022,.0029495466,.045405876,.014120747,21
22,0,,,6,4,12,2014,MA,67.499107,1.4032919,0,.66911888,-.1507442,-.57237542,0,1,0,1,MASSACHUSETTS,-.39841056,0,,,6,4,12,6506500,.74000001,.064999998,.108,.059999999,.075000003,.211,.31200001,.14399999,.221,.092,.123,.27900001,.13500001,.15000001,.48500001,.51499999,90300,91408,42895,280794,17619,220,17614,342,21135,35795,,.0055014216,.0032482902,.04315592,.013878429,12
22,0,9,10,12,9,13,2015,MA,67.8424,1.0279322,0,1.1735176,-.13837555,-.57237542,0,1,1,0,MASSACHUSETTS,-.36661571,0,9,10,12,9,13,4730100,.73100001,.067000002,.111,.063000001,.075999998,.20299999,.27599999,.13500001,.21799999,.090999998,.125,.27500001,.138,.153,.48500001,.51499999,86900,92207,42959,254379,15896,212,15812,405,21135,32325,9,.0068338937,.0044681933,.053778779,.018371705,13
22,0,12,14,14,13,16,2016,MA,68.11779,1.0279322,0,1.6452537,-.11839135,-.57237542,0,1,1,0,MASSACHUSETTS,-.37721398,0,12,14,14,13,16,6570600,.72600001,.067000002,.114,.063000001,.067000002,.189,.264,.142,.21799999,.089000002,.127,.27000001,.138,.15800001,.486,.51499999,82900,95052,44117,229123,14349,161,15303,359,19608,30172,12,.0045919702,.0029842025,.034870941,.012616809,16
22,,3,,6,4,13,2017,MA,,.731502,0,1.7481681,-.14885901,-.57237542,0,1,1,0,MASSACHUSETTS,-.34541914,0,,,,,,6620600,.71700001,.068999998,.119,.064000003,.067000002,.164,.25299999,.15899999,.21600001,.086000003,.131,.26699999,.139,.162,.486,.51499999,77400,99031,46196,203844,13061,143,14233,395,17565,27832,,.0042038485,.0026530828,.030789355,.011690783,
23,9,,,13,,44,2013,MI,98.989822,1.7849526,1,-.8676374,-.45097452,-1.3509585,1,0,1,0,MICHIGAN,.3752639,0,,,4,,35,9664300,.76200002,.13600001,.046999998,.027000001,.127,.34400001,.27200001,.13,.23999999,.096000001,.107,.27000001,.139,.149,.48899999,.51099998,253700,59385,29629,573618,70252,858,74484,997,11527,146591,,.0151683,.0011927403,.059354324,.026251255,35
23,13,,,22,19,52,2014,MI,99.157669,1.7849526,1,-.52451771,-.45524317,-1.3509585,1,0,1,0,MICHIGAN,.3752639,0,,,9,6,39,9682700,.75999999,.13600001,.048,.028000001,.122,.322,.245,.15800001,.236,.096000001,.109,.26499999,.14,.154,.48899999,.51099998,256700,60317,29628,515558,66373,878,69659,971,10516,137881,,.014239933,.0010860607,.053245272,.0265112,39
23,20,16,20,19,16,43,2015,MI,99.177147,.65979522,1,-.28913164,-.44394043,-1.3509585,1,0,1,0,MICHIGAN,.36466563,0,-4,0,-1,-4,23,4730100,.75700003,.13600001,.048999999,.028999999,.12,.32699999,.233,.156,.235,.094999999,.111,.26100001,.141,.15899999,.48899999,.51099998,250200,60899,29678,443309,60200,781,63339,839,10516,125159,-4,.026460117,.0022232088,.093720853,.052895289,23
23,10,13,16,18,14,42,2016,MI,99.282997,.65979522,1,.020147249,-.42126578,-1.3509585,1,0,1,0,MICHIGAN,.35406736,0,3,6,8,4,32,9693500,.75599998,.13500001,.048999999,.028999999,.114,.29100001,.226,.20100001,.23199999,.093999997,.113,.257,.14300001,.162,.48899999,.51099998,,62251,30732,382878,54042,740,56297,788,9316,111867,3,.011540414,.00096105639,.039498426,,32
23,,14,,16,15,42,2017,MI,,.57790947,1,.08536569,-.49102679,-1.3509585,1,0,1,0,MICHIGAN,.35406736,0,,,,,,9720300,.75300002,.13500001,.050000001,.030999999,.109,.29699999,.211,.093999997,.23,.092,.114,.25299999,.14300001,.167,.49000001,.50999999,228100,64620,32163,334859,49030,684,50411,810,9051,100935,,.010383938,.00093114411,.034449451,.023466354,
24,1,,,13,,17,2013,MN,54.185211,.60115474,0,.42880663,-.48286775,-.44561738,0,1,0,1,MINNESOTA,-.52558994,0,,,12,,16,5287800,.81999999,.052999999,.048,.045000002,.082000002,.336,.244,.18000001,.249,.086999997,.125,.271,.131,.138,.493,.50700003,123500,73314,29896,193304,10903,30,11910,90,8214,22933,,.0043369643,.001553387,.036556602,.023355648,16
24,7,,,12,7,17,2014,MN,54.53109,.60115474,0,1.1074425,-.45370057,-.44561738,0,1,0,1,MINNESOTA,-.49379507,0,,,5,0,10,5330400,.815,.056000002,.050999999,.046999998,.079999998,.37400001,.207,.12899999,.24699999,.086999997,.127,.266,.133,.14,.495,.505,120500,74687,29873,175970,10524,56,11875,40,7546,22495,,.0042201336,.0014156536,.033012532,.022606183,10
24,6,12,13,14,12,14,2015,MN,54.824348,.19763154,0,1.2665797,-.4423261,-.44561738,0,0,0,1,MINNESOTA,-.48319679,0,6,7,8,6,8,4730100,.81099999,.057,.050999999,.048,.07,.33000001,.214,.168,.24600001,.085000001,.125,.26499999,.13500001,.14399999,.49700001,.50300002,121600,75507,30314,153069,9383,54,11441,55,7546,20933,6,.0044254879,.0015953151,.032360628,.025707701,8
24,11,14,14,14,14,23,2016,MN,55.19952,.19763154,0,1.4259312,-.42924514,-.44561738,0,0,0,1,MINNESOTA,-.46200022,0,3,3,3,3,12,5392900,.80699998,.057,.050999999,.048999999,.071000002,.28600001,.192,.141,.245,.085000001,.124,.26100001,.13600001,.149,.49599999,.50400001,119500,77618,30703,132959,8392,85,10490,59,7341,19026,3,.0035279719,.0013612342,.024654454,.022158764,12
24,,9,,10,10,23,2017,MN,,.18509951,0,1.6082002,-.45348665,-.44561738,1,0,0,1,MINNESOTA,-.40900883,0,,,,,,5446600,.80000001,.064000003,.052000001,.048,.07,.27900001,.234,.127,.244,.085000001,.124,.259,.13699999,.152,.49599999,.50400001,121900,80592,32743,118691,7364,90,9838,38,7668,17330,,.0031818014,.0014078508,.02179176,.022380935,
25,0,,,6,,22,2013,MS,29.904819,.013420156,0,-1.7191181,-.31378251,-.18683921,1,0,1,0,MISSISSIPPI,2.8976545,0,,,6,,22,2889200,.57599998,.37599999,.025,.0099999998,.15099999,.37799999,.331,.123,.26499999,.096000001,.113,.25999999,.127,.139,.47999999,.51999998,67400,48616,25800,140135,40869,391,39071,346,2403,80677,,.027923647,.00083171815,.048503045,.023328258,22
25,1,,,18,16,32,2014,MS,29.924,.013420156,0,-2.2898064,-.3213768,-.18683921,1,0,1,0,MISSISSIPPI,2.908253,0,,,17,15,31,2886800,.57599998,.375,.025,.0099999998,.13600001,.35100001,.285,.155,.26300001,.093999997,.112,.259,.12800001,.14399999,.48100001,.51899999,69700,49112,26384,138796,40548,382,38271,402,1983,79603,,.027574824,.00068691978,.048079535,.024144381,31
25,0,8,12,14,9,20,2015,MS,29.8939,-.85259211,0,-1.8061832,-.31407273,-.18683921,1,0,1,0,MISSISSIPPI,2.8976545,0,8,12,14,9,20,4730100,.57300001,.377,.027000001,.0099999998,.132,.345,.29800001,.141,.26300001,.093999997,.109,.257,.12800001,.148,.47799999,.52200001,71900,49283,26549,130561,39598,417,35584,377,1983,75976,8,.016062239,.00041923003,.027602164,.015200525,20
25,0,8,11,10,8,17,2016,MS,29.88726,-.85259211,0,-1.6924525,-.32527056,-.18683921,1,0,1,0,MISSISSIPPI,2.9294496,0,8,11,10,8,17,2887300,.57200003,.37599999,.028000001,.0099999998,.12899999,.31900001,.26300001,.103,.26199999,.093999997,.109,.255,.12899999,.15099999,.47600001,.52399999,65300,50403,27174,121296,36956,417,33816,321,1738,71510,8,.024767084,.00060194643,.042010184,.022616286,17
25,,17,,20,18,25,2017,MS,,-.71218473,0,-1.4416453,-.74876213,-.18683921,1,0,1,0,MISSISSIPPI,2.9294496,0,,,,,,2884500,.56900001,.377,.028000001,.0099999998,.119,.31299999,.17900001,.164,.259,.094999999,.105,.25400001,.131,.156,.47999999,.51999998,61300,52069,28347,110300,32948,540,30671,281,1472,64440,,.022340093,.00051031372,.038238864,.021251516,
26,19,,,27,,42,2013,MO,60.427109,.77776897,1,-.70592993,-.4278264,-.20002173,1,0,0,1,MISSOURI,.12090518,0,,,8,,23,5853100,.80599999,.112,.037999999,.017000001,.13699999,.29800001,.25299999,.191,.244,.093000002,.119,.264,.131,.149,.48699999,.51300001,114900,59548,31511,246509,27496,587,30299,269,8581,58651,,.010020502,.0014660608,.042115971,.019630624,23
26,15,,,28,24,51,2014,MO,60.609299,.77776897,1,-.029221715,-.42150247,-.20002173,1,0,0,1,MISSOURI,.14210173,0,,,13,9,36,5870200,.80199999,.114,.037999999,.017000001,.12899999,.28,.237,.156,.243,.090999998,.12,.26100001,.133,.152,.48699999,.51300001,109500,60313,31831,234561,26736,510,29225,226,6482,56697,,.0096584447,.0011042213,.039957922,.018653538,36
26,15,21,21,24,21,37,2015,MO,60.762039,.12662876,1,.24557386,-.42494309,-.20002173,1,0,0,1,MISSOURI,.14210173,0,6,6,9,6,22,4730100,.80199999,.113,.039000001,.018999999,.122,.27200001,.26699999,.121,.243,.093000002,.116,.257,.13600001,.155,.48800001,.51200002,106000,60797,31977,208408,24356,503,26646,224,6482,51729,6,.010936133,.0013703727,.044059958,.022409674,22
26,11,21,23,23,22,41,2016,MO,60.93,.12662876,1,-.20206665,-.42027777,-.20002173,1,0,0,1,MISSOURI,.13150346,0,10,12,12,11,30,5898000,.79799998,.113,.039999999,.018999999,.118,.23,.237,.153,.244,.086999997,.118,.25600001,.13699999,.15899999,.49000001,.50999999,105900,62242,32923,184682,22025,389,23490,287,6194,46191,10,.0078316377,.0010501865,.031312648,.01795524,30
26,,31,,35,33,55,2017,MO,,.16657759,1,-.001913503,-.48193115,-.20002173,1,0,1,0,MISSOURI,.12090518,0,,,,,,5921300,.79699999,.111,.041999999,.02,.112,.237,.17299999,.20200001,.241,.086000003,.122,.25,.13699999,.164,.48800001,.51200002,105400,64564,34948,161779,19812,308,20499,209,6037,40828,,.0068951077,.0010195397,.027321534,.017800145,
27,0,,,7,,10,2013,MT,10.14314,-.73484969,1,-1.3676454,-.60513401,-.49218196,1,0,0,1,MONTA,-1.055504,0,,,7,,10,986300,.87400001,0,.032000002,.0099999998,.148,0,.31,0,.234,.092,.111,.25,.15000001,.162,.49700001,.50300002,14800,57309,45919,34557,53,0,43,0,1878,96,,.000097333468,.001904086,.035037007,.015005576,10
27,1,,,6,6,6,2014,MT,10.22867,-.73484969,1,-.62122095,-.60488659,-.49218196,1,0,0,1,MONTA,-1.0237091,0,,,5,5,5,993700,.87,.0099999998,.033,.0099999998,.13500001,.35499999,.287,.32499999,.23100001,.096000001,.111,.245,.15099999,.167,.49599999,.50400001,14500,58190,36842,32500,54,0,105,0,1709,159,,.00016000806,.001719835,.032706048,.01459193,5
27,0,4,4,4,4,5,2015,MT,10.32073,-.84757662,1,-.58984327,-.56752652,-.49218196,1,0,0,1,MONTA,-1.0449057,0,4,4,4,4,5,4730100,.86900002,0,.035999998,.0099999998,.124,0,.147,0,.229,.092,.114,.243,.149,.17299999,.50199997,.498,14700,59004,31074,30065,21,0,132,0,1709,153,4,.000032346041,.00036130313,.0063561024,.0031077566,5
27,2,5,5,5,5,5,2016,MT,10.4252,-.84757662,1,.018433793,-.54851115,-.49218196,1,0,0,1,MONTA,-1.055504,0,3,3,3,3,3,1015100,.866,0,.035,.0099999998,.119,0,.14300001,0,.23199999,.092,.108,.23899999,.15099999,.178,.50199997,.498,15200,60564,28863,27253,9,0,141,0,1418,150,3,.00014776869,.0013969067,.026847601,.014973894,3
27,,6,,6,7,9,2017,MT,,-.82201356,1,.23390095,-.59203649,-.49218196,1,0,0,1,MONTA,-1.0449057,0,,,,,,1022600,.86500001,0,.035999998,.0099999998,.107,0,.226,0,.22499999,.093000002,.113,.241,.148,.18099999,.49599999,.50400001,15500,62747,31352,23183,6,0,189,0,1529,195,,.00019069039,.0014952082,.022670643,.015157442,
28,3,,,5,,9,2013,NE,18.685591,.51528835,1,-.33507371,-.69907826,1.3934002,1,0,1,0,NEBRASKA,-.61037618,0,,,2,,6,1811200,.80900002,.046,.098999999,.017999999,.102,.34200001,.22499999,.15899999,.264,.093000002,.123,.25400001,.127,.14,.49399999,.50599998,23200,65422,27577,51762,3060,0,3240,55,3145,6355,,.0035087236,.0017364179,.028578842,.012809187,6
28,1,,,6,6,11,2014,NE,18.811449,.51528835,1,-.003519868,-.69342637,1.3934002,1,0,1,0,NEBRASKA,-.59977788,0,,,5,5,10,1823700,.80599999,.046,.101,.018999999,.098999999,.296,.248,0,.266,.089000002,.122,.252,.12800001,.14300001,.498,.50199997,22500,66950,28376,49301,2811,18,3113,55,2744,5997,,.0032883699,.0015046335,.027033504,.012337555,10
28,1,8,9,10,8,16,2015,NE,18.937651,-.34221208,1,.38243622,-.69174528,1.3934002,1,0,1,0,NEBRASKA,-.58917958,0,7,8,9,7,15,4730100,.80199999,.048,.104,.02,.090999998,.32100001,.241,.207,.264,.093999997,.119,.249,.12899999,.146,.49599999,.50400001,22300,67891,29967,42687,2236,20,2483,26,2744,4765,7,.0010073783,.0005801146,.0090245446,.0047144881,15
28,2,7,8,8,7,16,2016,NE,19.071159,-.34221208,1,.26463607,-.69026631,1.3934002,1,0,1,0,NEBRASKA,-.59977788,0,5,6,6,5,14,1845000,.80000001,.044,.106,.023,.086999997,.28099999,.24600001,.197,.259,.093999997,.119,.25,.12899999,.149,.49599999,.50400001,23300,69541,30577,38258,1845,37,2185,34,2754,4101,5,.0022227643,.001492683,.020736044,.012628727,14
28,,0,,1,0,6,2017,NE,,-.36588502,1,.29087338,-.71671802,1.3934002,1,0,1,0,NEBRASKA,-.61037618,0,,,,,,1859200,.792,.043000001,.11,.025,.077,.27500001,.211,.207,.25999999,.090000004,.124,.244,.131,.152,.498,.50199997,24200,72289,31523,34908,1713,37,2046,31,2501,3827,,.0020584122,.0013452022,.018775817,.013016351,
29,5,,,13,,14,2013,NV,27.864639,-.0068828659,1,-1.2351738,2.7026598,-.40531966,0,1,1,0,NEVADA,-.22883807,0,,,8,,9,2745400,.52200001,.079000004,.27599999,.077,.108,.278,.22400001,.109,.25,.090999998,.126,.273,.122,.13699999,.49900001,.50099999,37500,67344,38637,162556,9036,121,10650,326,7039,20133,,.0073333578,.0025639252,.059210315,.013659212,9
29,11,,,22,22,27,2014,NV,28.33013,-.0068828659,1,-.75262165,2.7168417,-.40531966,0,1,1,0,NEVADA,-.21823978,0,,,11,11,16,2795200,.514,.079999998,.27900001,.077,.106,.26699999,.208,.1,.245,.093000002,.126,.27200001,.122,.142,.49900001,.50099999,37500,66937,37269,153654,9083,253,10619,287,8743,20242,,.0072416998,.003127862,.054970663,.013415855,16
29,17,19,19,20,19,22,2015,NV,28.83758,-.29167095,1,-.52419645,2.7430568,-.40531966,1,0,1,0,NEVADA,-.21823978,0,2,2,3,2,5,4730100,.50599998,.081,.28200001,.079999998,.104,.26699999,.205,.105,.243,.090000004,.126,.271,.124,.148,.49700001,.50300002,38300,66673,37566,137875,8141,276,10007,200,8743,18624,2,.0039373375,.0018483753,.029148431,.0080970805,5
29,4,14,15,15,14,19,2016,NV,29.400579,-.29167095,1,-.15762386,2.9476211,-.40531966,1,0,1,0,NEVADA,-.18644495,0,10,11,11,10,15,2890400,.49900001,.082999997,.285,.082999997,.094999999,.214,.189,.107,.242,.089000002,.127,.266,.125,.15099999,.498,.50199997,39200,68369,37435,124055,7855,280,9364,170,7398,17669,10,.0061129946,.0025595073,.042919666,.013562136,15
29,,16,,17,16,24,2017,NV,,-.19182424,1,-.037788998,3.0344322,-.40531966,0,1,1,0,NEVADA,-.14405182,0,,,,,,2946600,.48899999,.086999997,.289,.083999999,.090999998,.29499999,.15700001,.103,.23899999,.086999997,.127,.26800001,.125,.155,.49700001,.50300002,39300,70797,38846,107959,7924,293,8524,135,7833,16876,,.005727279,.002658318,.036638498,.013337405,
30,0,,,3,,4,2013,NH,13.22687,-2.2420688,0,1.5441597,-.7287026,-.92826444,0,0,0,1,NEW HAMPSHIRE,-.98131597,0,,,3,,4,1280700,.917,.0099999998,.030999999,.024,.079999998,0,.206,.15700001,.219,.082000002,.104,.29300001,.15000001,.152,.491,.509,11100,79589,48495,46542,346,0,470,0,1447,816,,.00063715153,.0011298509,.036341064,.0086671356,4
30,0,,,1,1,1,2014,NH,13.28743,-2.2420688,0,1.7663736,-.72415602,-.92826444,0,0,0,1,NEW HAMPSHIRE,-.96011943,0,,,1,1,1,1286500,.91299999,.011,.032000002,.025,.086000003,0,.20200001,0,.21699999,.085000001,.103,.28600001,.153,.15700001,.493,.50700003,11200,80867,49815,43176,342,0,386,0,1445,728,,.00056587643,.0011232025,.033560824,.0087057911,1
30,0,3,3,4,3,5,2015,NH,13.30111,-3.2106788,0,2.0103269,-.71960884,-.92826444,1,0,0,1,NEW HAMPSHIRE,-.93892282,0,3,3,4,3,5,4730100,.91299999,.011,.033,.025,.072999999,.228,.185,.093000002,.213,.082999997,.105,.27900001,.15700001,.163,.495,.505,10900,81842,50103,38067,352,0,500,0,1445,852,3,.00018012304,.00030549036,.008047821,.002304391,5
30,2,2,2,2,2,4,2016,NH,13.34795,-3.2106788,0,2.0729752,-.71858728,-.92826444,1,0,0,1,NEW HAMPSHIRE,-.96011943,0,0,0,0,0,2,1291300,.91100001,.011,.035,.025,.063000001,0,.15000001,0,.20999999,.082000002,.108,.273,.15800001,.169,.49900001,.50099999,10800,83641,50362,33531,346,22,457,0,1366,825,0,.00063889101,.0010578487,.025966855,.0083636642,2
30,,3,,3,3,6,2017,NH,,-3.0231245,0,1.9167295,-.71794361,-.92826444,1,0,1,0,NEW HAMPSHIRE,-.94952112,0,,,,,,1297000,.90600002,.013,.035999998,.027000001,.07,.20999999,0,.090999998,.204,.081,.114,.26699999,.161,.175,.49599999,.50400001,10700,87002,50424,29662,355,18,465,0,1456,838,,.00064610637,.0011225906,.022869699,.0082498072,
31,11,,,15,,23,2013,NJ,88.991623,.98434788,0,.52251124,-.019249253,-.81059504,0,1,1,0,NEW JERSEY,.26928112,0,,,4,,12,8716900,.57499999,.124,.19,.090000004,.064000003,.212,.221,.056000002,.242,.083999999,.114,.289,.12800001,.14300001,.486,.51499999,164100,93252,46843,431275,50177,1020,47743,1158,12002,100098,,.011483211,.0013768657,.049475729,.018825499,12
31,14,,,18,14,18,2014,NJ,89.250008,.98434788,0,.89315331,-.001591253,-.81059504,0,1,1,0,NEW JERSEY,.26928112,0,,,4,0,4,8756200,.56800002,.125,.19400001,.092,.064999998,.198,.211,.064000003,.23899999,.085000001,.114,.285,.131,.145,.48699999,.51300001,164500,94365,46640,415311,49065,977,47987,1243,10098,99272,,.011337338,.00115324,.047430508,.018786687,4
31,13,15,24,24,18,31,2015,NJ,89.35421,.65867567,0,1.2266347,.10568398,-.81059504,0,1,1,0,NEW JERSEY,.25868282,0,2,11,11,5,18,4730100,.56199998,.124,.197,.094999999,.061000001,.18099999,.2,.066,.237,.086000003,.114,.28200001,.134,.148,.486,.514,183500,95042,46546,378569,46069,936,45239,1173,10098,93417,2,.019749478,.0021348386,.08003404,.038794104,18
31,12,12,14,17,15,21,2016,NJ,89.444687,.65867567,0,1.2385219,.12680434,-.81059504,0,1,1,0,NEW JERSEY,.24808455,0,0,2,5,3,9,8762700,.55699998,.125,.2,.094999999,.064000003,.171,.183,.064000003,.236,.085000001,.115,.27700001,.13500001,.152,.486,.514,186300,97281,47299,338289,41299,889,41892,1153,8895,85233,0,.0097267963,.0010150981,.038605567,.021260571,9
31,,12,,15,16,35,2017,NJ,,.61002874,0,1.7235372,.010873217,-.81059504,0,1,1,0,NEW JERSEY,.26928112,0,,,,,,8823900,.55000001,.125,.205,.097999997,.056000002,.178,.17299999,.064999998,.233,.082999997,.116,.27399999,.13699999,.156,.486,.514,184000,101103,48978,301732,35901,695,37753,1038,8536,75387,,.0085435016,.00096737273,.034194857,.020852458,
32,6,,,15,,24,2013,NM,20.851931,-1.2655761,0,-1.5823629,-.15191031,1.5654671,0,1,1,0,NEW MEXICO,-.89652973,0,,,9,,18,2040200,.39399999,.016000001,.47299999,.013,.123,.20999999,.294,.175,.25999999,.096000001,.115,.25,.13,.149,.49200001,.50800002,34200,55110,41214,86870,1156,47,1206,5,2819,2414,,.0011832173,.0013817273,.042579159,.016763063,18
32,10,,,20,19,25,2014,NM,20.83024,-1.2655761,0,-1.0941349,-.17598131,1.5654671,0,1,1,0,NEW MEXICO,-.89652973,0,,,10,9,15,2036700,.38699999,.017000001,.47799999,.015,.13699999,.189,.257,.122,.25400001,.102,.115,.244,.133,.153,.48899999,.51099998,32500,55397,40960,86069,1175,35,1112,11,2629,2333,,.0011454804,.0012908136,.042259045,.015957186,15
32,5,20,21,20,20,25,2015,NM,20.80328,-1.219797,0,-1.2619466,-.13625437,1.5654671,0,0,1,0,NEW MEXICO,-.87533319,0,15,16,15,15,20,4730100,.38299999,.017000001,.48199999,.014,.124,.241,.257,.109,.255,.093000002,.116,.243,.132,.16,.49200001,.50800002,25000,55284,38146,82100,1330,30,1069,19,2629,2448,15,.00051753665,.00055580219,.017356927,.0052853003,20
32,1,21,22,22,22,29,2016,NM,20.81015,-1.219797,0,-.90511924,-.073900536,1.5654671,0,0,1,0,NEW MEXICO,-.89652973,0,20,21,21,21,28,2029400,.37900001,.017000001,.486,.015,.124,.213,.241,0,.248,.093000002,.118,.243,.134,.16500001,.48899999,.51099998,30200,55941,41306,75329,1127,0,934,15,2263,2076,20,.0010229625,.0011151079,.037118852,.014881246,28
32,,21,,25,21,35,2017,NM,,-1.1544832,0,-.9689455,-.44244495,1.5654671,0,1,1,0,NEW MEXICO,-.89652973,0,,,,,,2038200,.373,.016000001,.49000001,.013,.118,.241,.23199999,0,.25,.093999997,.116,.236,.13500001,.169,.493,.50700003,28700,56930,41379,68428,927,9,874,17,2482,1827,,.00089637918,.0012177412,.033572759,.014081052,
33,0,,,30,,46,2013,NY,196.73546,2.7901831,0,-.3276844,.57486862,-.35556647,0,1,0,1,NEW YORK,.43885359,0,,,30,,46,19119600,.56999999,.142,.184,.079000004,.104,.242,.26100001,.189,.229,.096000001,.12800001,.27700001,.12800001,.14300001,.484,.51599997,228100,80227,41755,856142,102218,2114,108053,2013,77430,214398,,.011213519,.004049771,.044778239,.011930166,46
33,0,,,27,21,41,2014,NY,197.18515,2.7901831,0,-.27767292,.57307106,-.35556647,0,1,0,1,NEW YORK,.43885359,0,,,27,21,41,19216400,.56400001,.14300001,.18700001,.081,.101,.219,.25600001,.18000001,.227,.094999999,.12899999,.27399999,.12899999,.146,.484,.51599997,222100,81101,41598,830485,100462,2294,108122,2085,88250,212963,,.011082357,.0045924312,.043217514,.011557836,41
33,15,19,27,28,19,30,2015,NY,197.47183,1.4950788,0,.11802845,.59232759,-.35556647,0,0,0,1,NEW YORK,.43885359,1,4,12,13,4,15,4730100,.55900002,.142,.189,.085000001,.097999997,.223,.25400001,.15899999,.22499999,.094999999,.13,.271,.131,.149,.484,.51599997,216700,81547,41615,771773,95471,2234,103458,2337,88250,203500,4,.043022346,.018657111,.16316208,.045812983,15
33,19,17,25,24,23,30,2016,NY,197.4529,1.4950788,0,.48556486,.61978775,-.35556647,0,0,0,1,NEW YORK,.42825532,1,-2,6,5,4,11,19221500,.55599999,.142,.191,.085000001,.096000001,.205,.243,.168,.223,.093000002,.131,.26800001,.132,.153,.484,.51599997,212100,83277,42483,706481,88233,2110,94440,2167,86352,186950,-2,.0097260876,.0044924696,.036754727,.011034518,11
33,,16,,19,17,34,2017,NY,,1.6022723,0,.59372681,.5994221,-.35556647,0,1,0,1,NEW YORK,.42825532,1,,,,,,19315700,.55199999,.142,.193,.086999997,.093000002,.208,.21699999,.149,.221,.090999998,.132,.264,.133,.15899999,.484,.51599997,208700,86275,43997,638220,79567,1806,87127,2197,89503,170697,,.0088372156,.0046336916,.033041514,.010804682,
34,4,,,33,,40,2013,NC,98.415901,.25398833,0,-1.6807796,-.05359428,.68364453,1,0,1,0,NORTH CAROLI,1.1595366,0,,,29,,36,9522500,.64499998,.20999999,.088,.025,.125,.28,.32800001,.146,.248,.090999998,.114,.27700001,.127,.14300001,.48199999,.51800001,156000,58683,32565,491228,83344,1291,85059,1168,12168,170862,,.017942978,.0012778157,.051586032,.016382253,36
34,4,,,35,25,50,2014,NC,99.343987,.25398833,0,-1.08364,-.032739092,.68364453,1,0,1,0,NORTH CAROLI,1.1807332,0,,,31,21,46,9632900,.64099997,.213,.090000004,.024,.118,.271,.32800001,.112,.24600001,.090999998,.114,.27399999,.12800001,.147,.48100001,.51899999,153600,59204,32930,469573,82884,1295,83333,1139,10685,168651,,.017507812,.0011092194,.048746794,.015945354,46
34,1,23,26,28,23,33,2015,NC,100.35186,.47270069,0,-.6538837,-.03520209,.68364453,1,0,1,0,NORTH CAROLI,1.1701349,0,22,25,27,22,32,4730100,.63800001,.212,.090999998,.027000001,.116,.249,.32699999,.117,.244,.090000004,.115,.271,.12899999,.15099999,.48300001,.51700002,151200,59651,32798,420248,76381,1461,76950,1141,10685,155933,22,.032966111,.0022589373,.088845477,.031965498,32
34,5,33,36,39,33,43,2016,NC,101.46788,.47270069,0,-.3361446,-.024520164,.68364453,1,0,1,0,NORTH CAROLI,1.1489384,0,28,31,34,28,38,9829900,.63599998,.211,.092,.027000001,.11,.244,.278,.113,.242,.086999997,.115,.27000001,.131,.155,.48100001,.51899999,149300,61102,34040,374408,68515,1536,68635,924,9559,139610,28,.014202586,.00097244122,.038088687,.015188354,38
34,,22,,26,23,53,2017,NC,,.48369452,0,-.70250303,-.086041637,.68364453,1,0,0,1,NORTH CAROLI,1.1595366,0,,,,,,9948800,.63099998,.20999999,.093999997,.028000001,.104,.21699999,.27599999,.133,.241,.085000001,.117,.26699999,.131,.16,.48199999,.51899999,151400,63390,35690,324002,60706,1575,59383,1049,8962,122713,,.012334452,.00090081216,.032566942,.015217916,
35,0,,,2,,4,2013,ND,7.24019,-.56061661,0,-.42995635,-.72226852,-.12363227,1,0,1,0,NORTH DAKOTA,-.93892282,0,,,2,,4,693500,.87400001,.016000001,.023,.0099999998,.092,0,.20200001,0,.236,.124,.122,.24600001,.132,.14,.50700003,.493,8100,69315,29923,11390,103,0,249,2,2069,354,,.00051045424,.0029834174,.016423937,.011679885,4
35,0,,,1,1,2,2014,ND,7.3990402,-.56061661,0,.40985152,-.71389598,-.12363227,1,0,1,0,NORTH DAKOTA,-.87533319,0,,,1,1,2,708400,.87,.02,.024,.0099999998,.089000002,0,.19499999,.454,.241,.118,.134,.23800001,.13,.14,.50800002,.49200001,9300,72034,29012,11052,91,0,326,2,1305,419,,.00059147377,.0018421796,.015601356,.013128176,2
35,0,1,1,1,1,2,2015,ND,7.5683498,-1.7015465,0,.054844745,-.68087411,-.12363227,1,0,1,0,NORTH DAKOTA,-.87533319,0,1,1,1,1,2,4730100,.86199999,.014,.034000002,.012,.098999999,0,0,0,.24600001,.108,.13600001,.23999999,.12899999,.141,.509,.491,10100,73803,29525,10376,57,0,263,0,1305,320,1,.000067651847,.0002758927,.0021936111,.0021352614,2
35,0,1,1,1,1,3,2016,ND,7.5795202,-1.7015465,0,.35137981,-.67639917,-.12363227,1,0,1,0,NORTH DAKOTA,-.82234174,0,1,1,1,1,3,725900,.85399997,.026000001,.030999999,.0099999998,.085000001,0,.27200001,0,.243,.107,.13500001,.241,.131,.14399999,.51200002,.48800001,10300,76410,28474,10238,81,0,362,0,923,443,1,.00061027688,.001271525,.014103871,.014189282,3
35,,3,,3,3,5,2017,ND,,-1.6510686,0,.31946668,-.67750901,-.12363227,1,0,1,0,NORTH DAKOTA,-.76935035,0,,,,,,726000,.847,.028999999,.034000002,.017000001,.079999998,0,.169,0,.244,.104,.13600001,.237,.13500001,.146,.50999999,.49000001,10300,78946,30500,10088,157,0,293,0,1089,450,,.0006198347,.0015,.013895317,.014187328,
36,1,,,28,,50,2013,OH,115.70022,1.4316641,1,-1.1249771,-.44200882,-.54466963,1,0,1,0,OHIO,.18449487,0,,,27,,49,11239600,.80599999,.118,.033,.017999999,.123,.33399999,.25099999,.106,.242,.089000002,.113,.26899999,.13699999,.15000001,.48699999,.51300001,335500,62005,28044,536892,55820,849,67502,773,12325,124944,,.01111641,.0010965692,.047767892,.029849816,49
36,4,,,31,28,46,2014,OH,115.94408,1.4316641,1,-.77735966,-.42323291,-.54466963,1,0,1,0,OHIO,.19509314,0,,,27,24,42,11270300,.80299997,.12,.034000002,.018999999,.122,.34200001,.28400001,.146,.241,.089000002,.114,.26499999,.138,.153,.48800001,.51200002,326300,62909,27909,492894,54799,875,64441,835,11182,120950,,.010731746,.0009921653,.043733884,.028952202,42
36,2,29,36,39,31,52,2015,OH,116.0509,.80230391,1,-.38572776,-.40232667,-.54466963,1,0,1,0,OHIO,.19509314,0,27,34,37,29,50,4730100,.79900002,.12,.035,.02,.113,.32300001,.26699999,.15099999,.23999999,.088,.115,.26100001,.139,.15700001,.48800001,.51200002,331500,63617,28003,436910,52104,840,59329,807,11182,113080,27,.023906471,.0023640092,.092368029,.070083082,50
36,1,26,28,28,28,44,2016,OH,116.14373,.80230391,1,-.3124775,-.41852298,-.54466963,1,0,1,0,OHIO,.20569143,0,25,27,27,27,43,11278700,.796,.121,.035999998,.02,.11,.30599999,.259,.154,.23800001,.086999997,.116,.25600001,.141,.161,.48899999,.51099998,326200,65077,29033,386581,48518,843,54813,737,10404,104911,25,.0093016922,.00092244672,.034275316,.028921774,43
36,,34,,33,36,65,2017,OH,,.84550244,1,.30682993,-.62261444,-.54466963,1,0,1,0,OHIO,.20569143,0,,,,,,11323500,.792,.12,.037,.022,.106,.28400001,.26499999,.138,.237,.086999997,.118,.25299999,.141,.16500001,.48699999,.51300001,334400,67426,30575,344243,45057,855,48600,797,10095,95309,,.0084169209,.00089150883,.030400759,.029531505,
37,10,,,21,,39,2013,OK,38.524151,.53765601,1,-1.4056628,-.49353093,2.1421642,1,0,1,0,OKLAHOMA,-.33482087,0,,,11,,29,3726900,.67699999,.07,.096000001,.017000001,.131,.317,.234,.17900001,.26199999,.096000001,.122,.255,.123,.141,.49000001,.50999999,67700,56963,29949,117778,7566,81,7162,78,4408,14887,,.0039944728,.0011827524,.031602137,.018165231,29
37,16,,,29,27,44,2014,OK,38.77499,.53765601,1,-1.0391972,-.51546931,2.1421642,1,0,1,0,OKLAHOMA,-.31362432,0,,,13,11,28,3749500,.67199999,.07,.097999997,.02,.12899999,.29800001,.27399999,.14399999,.25999999,.097000003,.122,.25299999,.124,.145,.48899999,.51099998,69600,57888,30484,114861,7442,114,7268,110,3777,14934,,.0039829309,.0010073343,.030633684,.018562475,28
37,10,32,37,39,34,49,2015,OK,39.074139,.088925995,1,-1.0522623,-.5188331,2.1421642,1,0,1,0,OKLAHOMA,-.32422259,0,22,27,29,24,39,4730100,.667,.068999998,.101,.02,.125,.287,.252,.183,.26300001,.090999998,.123,.249,.127,.147,.491,.509,73100,58564,30560,106196,7080,133,7114,91,3777,14418,22,.0030481385,.00079850323,.02245111,.015454219,39
37,13,26,32,33,26,37,2016,OK,39.235611,.088925995,1,-.63824838,-.50906694,2.1421642,1,0,1,0,OKLAHOMA,-.32422259,0,13,19,20,13,24,3800800,.66299999,.068999998,.103,.018999999,.122,.28799999,.259,.15700001,.26300001,.092,.122,.24600001,.127,.15000001,.491,.509,74500,60309,31200,101320,6693,119,7228,99,4107,14139,13,.0037200062,.001080562,.026657546,.019601136,24
37,,26,,30,28,48,2017,OK,,-.051857676,1,-.20313755,-.4881503,2.1421642,1,0,1,0,OKLAHOMA,-.32422259,0,,,,,,3803700,.65899998,.068999998,.105,.021,.123,.25799999,.229,.097999997,.26199999,.090000004,.122,.24600001,.12800001,.153,.48899999,.51099998,83500,61988,32185,96788,6424,110,7265,93,4199,13892,,.0036522334,.0011039252,.02544575,.021952309,
38,4,,,13,,18,2013,OR,39.257511,.69433576,0,-.063812114,-.20788911,.55666864,0,1,0,1,OREGON,-.90712798,0,,,9,,14,3851600,.77499998,.016000001,.123,.039000001,.142,.31999999,.26699999,.18700001,.229,.090999998,.121,.266,.139,.154,.493,.50700003,84100,65771,32571,206531,2291,106,3649,93,13822,6139,,.001593883,.0035886385,.05362213,.021835081,14
38,6,,,17,16,18,2014,OR,39.683708,.69433576,0,.21119764,-.20671815,.55666864,0,1,0,1,OREGON,-.90712798,0,,,11,10,12,3889600,.76999998,.017000001,.125,.039999999,.132,.38800001,.26100001,.175,.227,.086999997,.125,.26199999,.139,.16,.49200001,.50800002,82700,66256,33505,192290,2206,131,3578,80,13226,5995,,.0015412896,.0034003498,.04943696,.021261826,12
38,3,15,17,18,15,19,2015,OR,40.246342,-.081175707,0,.42098898,-.1093168,.55666864,0,1,0,1,OREGON,-.89652973,0,12,14,15,12,16,4730100,.76700002,.017000001,.127,.039999999,.127,.359,.25799999,.142,.22400001,.089000002,.124,.26199999,.13699999,.16500001,.49200001,.50800002,82900,67070,32481,171217,2206,125,3231,54,13226,5616,12,.0011872899,.0027961354,.036197331,.017526057,16
38,4,15,17,18,15,20,2016,OR,40.93465,-.081175707,0,.23904131,-.18201113,.55666864,0,1,0,1,OREGON,-.89652973,0,11,13,14,11,16,4014500,.76300001,.017000001,.127,.041999999,.111,.257,.23100001,.149,.223,.088,.127,.25799999,.13600001,.169,.495,.505,82000,69328,32062,149082,2148,92,3051,97,13238,5388,11,.0013421348,.0032975464,.037135884,.020425957,16
38,,12,,12,12,17,2017,OR,,.02455996,0,.82536471,-.2613079,.55666864,0,1,0,1,OREGON,-.89652973,0,,,,,,4063000,.75800002,.017000001,.13,.045000002,.117,.26300001,.189,.13600001,.222,.085000001,.12899999,.259,.134,.171,.49399999,.50599998,84900,72625,33143,127909,1909,68,2670,86,13953,4733,,.0011649028,.0034341619,.031481419,.020895889,
39,24,,,40,,60,2013,PA,127.81338,2.2578275,0,-.31601149,-.65110666,-.50891966,1,0,1,0,PENNSYLVANIA,.03611894,0,,,16,,36,12344300,.78600001,.104,.063000001,.029999999,.097999997,.28299999,.34799999,.191,.226,.089000002,.112,.27000001,.14,.163,.486,.514,355600,65298,32426,530926,51051,881,54892,924,15086,107748,,.0087285629,.0012221026,.04300981,.028806819,36
39,5,,,18,15,34,2014,PA,127.90565,2.2578275,0,-.18525335,-.64274877,-.50891966,1,0,1,0,PENNSYLVANIA,.03611894,0,,,13,10,29,12368000,.78100002,.104,.064999998,.030999999,.098999999,.28299999,.30199999,.153,.22499999,.086999997,.116,.26499999,.142,.16599999,.48699999,.51300001,360800,66298,32606,507513,52030,804,55608,785,15421,109227,,.00883142,.0012468467,.041034363,.029172057,29
39,11,18,24,24,19,48,2015,PA,127.91904,.60528314,0,.37333345,-.64412922,-.50891966,1,0,0,1,PENNSYLVANIA,.025520658,0,7,13,13,8,37,4730100,.77600002,.102,.067000002,.033,.090000004,.278,.31,.154,.22400001,.086000003,.115,.26100001,.14300001,.17,.486,.514,374200,66959,32493,469804,49962,745,53439,814,15421,104960,7,.022189805,.0032601848,.099322215,.079110377,37
39,11,22,24,25,23,35,2016,PA,127.84227,.60528314,0,.43651718,-.63902438,-.50891966,1,0,0,1,PENNSYLVANIA,.03611894,0,11,13,14,12,24,12364700,.773,.103,.07,.033,.093000002,.264,.28299999,.133,.222,.083999999,.119,.257,.145,.17299999,.48800001,.51200002,368100,68587,33645,427151,45352,814,49681,707,15339,96554,11,.0078088427,.0012405476,.034546006,.029770233,24
39,,23,,27,24,51,2017,PA,,.49884668,0,.67147487,-.65140951,-.50891966,1,0,0,1,PENNSYLVANIA,.046717219,0,,,,,,12389100,.76700002,.105,.072999999,.034000002,.090999998,.25299999,.27900001,.14,.222,.082999997,.118,.255,.145,.177,.48800001,.51200002,367300,71113,35349,384783,41128,740,45343,883,14138,88094,,.0071106055,.0011411645,.031058189,.029647028,
40,0,,,1,,1,2013,RI,10.53033,.17461406,0,.097359881,-.1233146,-1.6743367,0,1,0,0,RHODE ISLAND,-.52558994,0,,,1,,1,1008600,.74599999,.052000001,.138,.029999999,.082000002,.28099999,.377,.127,.21699999,.098999999,.116,.27700001,.138,.154,.49000001,.50999999,24600,78065,33793,51057,2392,5,2268,56,1384,4721,,.0046807458,.001372199,.050621655,.024390243,1
40,1,,,1,1,1,2014,RI,10.5448,.17461406,0,.18528162,-.10348438,-1.6743367,0,1,0,1,RHODE ISLAND,-.50439334,0,,,0,0,0,1013700,.741,.054000001,.142,.032000002,.103,.185,.31999999,0,.21799999,.094999999,.119,.27200001,.138,.15800001,.484,.51700002,25100,78894,33969,48980,2278,3,2099,56,1111,4436,,.0043760482,.0010959851,.048318043,.024760777,0
40,0,0,1,0,0,1,2015,RI,10.55607,-.93760997,0,-.12870929,-.12039839,-1.6743367,0,1,0,1,RHODE ISLAND,-.51499164,0,0,1,0,0,1,4730100,.73299998,.052000001,.146,.033,.094999999,.193,.285,.212,.21600001,.096000001,.12,.26800001,.142,.15899999,.484,.51599997,25300,80080,36209,43777,2324,4,1901,44,1111,4273,0,.00090336357,.00023487875,.0092549836,.0053487243,1
40,2,2,2,2,2,2,2016,RI,10.56426,-.93760997,0,.49531016,-.11048328,-1.6743367,0,1,0,1,RHODE ISLAND,-.50439334,0,0,0,0,0,0,1013900,.72799999,.056000002,.15099999,.033,.094999999,.205,.23199999,.105,.213,.096000001,.12,.26300001,.145,.164,.484,.51599997,24300,82124,37046,39616,2172,6,1982,40,1160,4200,0,.0041424204,.0011440971,.039072886,.02396686,0
40,,1,,1,1,1,2017,RI,,-.88473368,0,1.0159867,-.093860894,-1.6743367,0,1,0,1,RHODE ISLAND,-.51499164,0,,,,,,1015900,.722,.054000001,.155,.035,.079999998,.222,.241,.14,.212,.093000002,.124,.259,.145,.167,.48500001,.51499999,23400,85025,38368,35289,2098,6,1580,52,1180,3736,,.0036775274,.0011615317,.034736685,.023033762,
41,5,,,13,,47,2013,SC,47.67894,.36878252,0,-1.4086612,-.22885041,-.34068179,1,0,1,0,SOUTH CAROLI,1.8272283,0,,,8,,42,4616200,.64200002,.27200001,.052000001,.013,.127,.30000001,.29699999,.214,.242,.093999997,.112,.266,.133,.153,.47999999,.51999998,73500,55187,29670,240779,51287,828,53603,1017,6544,106735,,.023121832,.0014176163,.05215957,.015922187,42
41,5,,,22,18,33,2014,SC,48.284302,.36878252,0,-1.2822939,-.33839917,-.34068179,1,0,1,0,SOUTH CAROLI,1.7848352,0,,,17,13,28,4674300,.64099997,.271,.052999999,.014,.118,.29699999,.31099999,.121,.23999999,.090999998,.114,.26300001,.134,.15899999,.48100001,.51899999,71900,55527,29971,224825,49035,862,50661,911,5354,101469,,.02170785,.0011454121,.04809811,.015381983,28
41,11,19,21,21,20,34,2015,SC,48.948341,-.41857743,0,-1.1290466,-.13149859,-.34068179,1,0,1,0,SOUTH CAROLI,1.7954335,0,8,10,10,9,23,4730100,.63999999,.27000001,.052999999,.014,.116,.25999999,.271,.17399999,.236,.093999997,.112,.25999999,.13500001,.164,.48199999,.51800001,70100,55906,30221,202683,44976,945,46995,699,5354,93615,8,.019791337,.0011319,.042849623,.014819982,23
41,12,17,18,18,17,28,2016,SC,49.611191,-.41857743,0,-.27488855,-.12842107,-.34068179,1,0,1,0,SOUTH CAROLI,1.7530403,0,5,6,6,5,16,4805300,.63999999,.26699999,.055,.015,.101,.244,.26199999,.107,.237,.086999997,.116,.25600001,.13600001,.169,.47999999,.51999998,68800,57389,31030,179697,40822,990,41327,564,5051,83703,5,.017418891,.0010511311,.037395585,.014317525,16
41,,12,,15,13,25,2017,SC,,-.22559369,0,-.20688574,-.38236386,-.34068179,1,0,1,0,SOUTH CAROLI,1.7530403,0,,,,,,4864600,.63999999,.26699999,.056000002,.015,.105,.243,.27200001,.13699999,.233,.086000003,.114,.25600001,.13600001,.175,.47999999,.51999998,68000,59583,31960,157244,35471,796,36944,400,3916,73611,,.015131974,.00080499938,.032324139,.013978539,
42,1,,,2,,5,2013,SD,8.4492197,-1.2202414,1,-.26235887,-.72669101,.2985186,1,0,1,0,SOUTH DAKOTA,-.92832458,0,,,1,,4,811600,.83700001,.016000001,.032000002,.0099999998,.097000003,0,.2,0,.25600001,.092,.12,.25400001,.134,.145,.50199997,.498,14800,62485,33806,20274,281,0,341,0,1094,622,,.00076638738,.0013479546,.024980286,.018235585,4
42,3,,,3,3,3,2014,SD,8.52561,-1.2202414,1,-.41228634,-.71604711,.2985186,1,0,1,0,SOUTH DAKOTA,-.90712798,0,,,0,0,0,821600,.83600003,.015,.033,.0099999998,.092,0,.37799999,.45699999,.26100001,.094999999,.117,.245,.134,.148,.5,.5,14500,63903,33516,19286,342,0,298,0,1036,640,,.00077896786,.0012609542,.02347371,.01764849,0
42,2,3,2,3,2,5,2015,SD,8.5791903,-1.7016404,1,-.19681917,-.72085863,.2985186,1,0,1,0,SOUTH DAKOTA,-.92832458,0,1,0,1,0,3,4730100,.829,.014,.034000002,.012,.086999997,.47799999,0,0,.26199999,.089000002,.119,.241,.13600001,.155,.50099999,.49900001,15000,64701,31758,18447,288,0,188,0,1036,476,1,.00010063213,.00021902286,.0038999175,.0031711804,3
42,2,4,6,6,6,6,2016,SD,8.6545401,-1.7016404,1,.05859293,-.71953249,.2985186,1,0,1,0,SOUTH DAKOTA,-.90712798,0,2,4,4,4,4,835800,.82700002,.013,.037,.015,.081,0,.30599999,0,.26300001,.088,.123,.233,.13699999,.15700001,.50199997,.498,15000,66299,35916,16828,171,0,140,0,1072,311,2,.00037209858,.0012826035,.020134004,.017946877,4
42,,3,,3,3,3,2017,SD,,-1.5773851,1,-.00094968302,-.71468657,.2985186,1,0,1,0,SOUTH DAKOTA,-.88593143,0,,,,,,837000,.82499999,.021,.035999998,.013,.079000004,0,.16,0,.25600001,.086000003,.124,.235,.13699999,.162,.50199997,.498,14500,68701,32192,15205,140,0,100,0,943,240,,.00028673836,.0011266428,.018166069,.017323775,
43,9,,,21,,33,2013,TN,64.948212,.11465949,0,-1.5425251,.10709823,.18455468,1,0,1,0,TENNESSEE,.70381057,0,,,12,,24,6318700,.75099999,.16599999,.048,.015,.145,.301,.329,.093999997,.244,.092,.116,.27200001,.131,.146,.486,.514,122500,55788,32064,294696,41572,545,41915,535,9528,84567,,.013383607,.0015079051,.046638709,.019386899,24
43,12,,,25,21,34,2014,TN,65.446632,.11465949,0,-1.4121953,.10631783,.18455468,1,0,1,0,TENNESSEE,.69321233,0,,,13,9,22,6374800,.74800003,.16500001,.048999999,.016000001,.14399999,.308,.366,.146,.242,.093000002,.115,.26800001,.132,.15000001,.484,.51599997,119900,56400,32361,276290,41103,575,38559,577,9123,80814,,.012677103,.0014311037,.043340966,.018808434,22
43,10,20,21,24,22,26,2015,TN,65.950562,-.56347173,0,-1.0251683,.062012639,.18455468,1,0,1,0,TENNESSEE,.68261403,0,10,11,14,12,16,4730100,.745,.16599999,.050999999,.016000001,.139,.257,.296,.086000003,.241,.090999998,.116,.266,.132,.154,.484,.51599997,119900,57029,32344,246810,38007,645,35399,530,9123,74581,10,.015767319,.0019287119,.052178603,.025348302,16
43,15,22,25,26,24,37,2016,TN,66.51194,-.56347173,0,-.59530491,.084287003,.18455468,1,0,1,0,TENNESSEE,.67201573,0,7,10,11,9,22,6467700,.74400002,.164,.052000001,.017999999,.125,.26100001,.287,.104,.23999999,.088,.118,.26499999,.132,.15700001,.484,.51599997,119400,58570,33293,220704,34608,664,31538,612,8779,67422,7,.010424417,.0013573604,.034124032,.018460967,22
43,,27,,28,31,38,2017,TN,,.11795499,0,-.17807825,.11280104,.18455468,1,0,1,0,TENNESSEE,.67201573,0,,,,,,6538200,.741,.164,.054000001,.017999999,.123,.242,.243,.117,.23899999,.086000003,.121,.26100001,.134,.15899999,.484,.51599997,119600,60787,35371,195183,30564,678,28346,568,8309,60156,,.0092006978,.001270839,.029852713,.018292496,
44,54,,,92,,213,2013,TX,264.73526,.51147479,0,-.41507068,.27009761,2.6365786,1,0,1,0,TEXAS,.14210173,0,,,38,,159,25773000,.44,.113,.38600001,.041000001,.093999997,.24699999,.255,.108,.28299999,.098999999,.12800001,.26800001,.11,.112,.49200001,.50800002,711900,66924,38156,946898,91585,1464,99859,1321,29615,194229,,.0075361426,.0011490707,.036739923,.02762193,159
44,50,,,107,96,218,2014,TX,269.44751,.51147479,0,-.32425749,.22763133,2.6365786,1,0,1,0,TEXAS,.15270002,0,,,57,46,168,26280100,.435,.114,.38800001,.043000001,.092,.23100001,.252,.112,.28099999,.097999997,.12899999,.266,.111,.115,.491,.509,699300,68067,38709,912286,90459,1567,98473,1395,23678,191894,,.0073018749,.00090098591,.034713946,.026609488,168
44,52,100,112,115,106,197,2015,TX,274.29639,.39701965,0,-.046035007,.25251636,2.6365786,1,0,1,0,TEXAS,.15270002,0,48,60,63,54,145,4730100,.43000001,.115,.391,.045000002,.086000003,.213,.227,.107,.28,.097000003,.12899999,.26499999,.113,.117,.491,.509,687300,69068,39345,846793,85492,1561,91192,1374,23678,179619,48,.037973616,.0050058137,.17902222,.14530349,145
44,37,82,93,95,85,165,2016,TX,278.62595,.39701965,0,.13312829,.26184344,2.6365786,1,0,1,0,TEXAS,.15270002,0,45,56,58,48,128,27178300,.42500001,.115,.39300001,.046999998,.089000002,.204,.223,.108,.27900001,.097000003,.13,.26199999,.113,.12,.49200001,.50800002,681900,70980,40750,786779,78660,1412,84554,1337,23122,165963,45,.0061064526,.00085075223,.028948793,.025089869,128
44,,69,,84,77,114,2017,TX,,.50074852,0,.25617588,-.026694207,2.6365786,1,0,1,0,TEXAS,.16329831,0,,,,,,27621300,.419,.116,.39700001,.048,.085000001,.19,.204,.098999999,.27700001,.094999999,.13,.26199999,.114,.122,.49200001,.50800002,677100,73712,42401,728084,71925,1432,77653,1316,23548,152326,,.0055148019,.00085253047,.026359512,.02451369,
45,0,,,7,,9,2013,UT,29.02663,-.24929732,0,.64941412,-.31469074,-.029218581,1,0,1,0,UTAH,-.98131597,0,,,7,,9,2849400,.796,.0099999998,.133,.022,.101,.28999999,.243,.21699999,.32600001,.11,.13699999,.237,.093000002,.097999997,.50199997,.498,25200,70777,36441,92118,796,0,1008,0,3277,1804,,.00063311576,.0011500667,.032328911,.0088439668,9
45,3,,,19,18,28,2014,UT,29.41836,-.24929732,0,.693964,-.27220604,-.029218581,1,0,1,0,UTAH,-.97071767,0,,,16,15,25,2891800,.79400003,.0099999998,.134,.023,.089000002,.234,.23899999,.176,.324,.108,.13500001,.237,.096000001,.101,.5,.5,25700,71918,39915,87021,818,0,1004,0,3025,1822,,.00063005742,.0010460613,.030092331,.0088871978,25
45,3,10,10,11,9,11,2015,UT,29.906321,-1.0999107,0,1.0018507,-.26572996,-.029218581,1,0,1,0,UTAH,-.97071767,1,7,7,8,6,8,4730100,.79000002,.011,.13699999,.024,.090999998,.33500001,.189,.204,.32100001,.11,.131,.23899999,.094999999,.103,.50199997,.498,25500,72981,38900,73776,696,0,873,0,3025,1569,7,.00033170547,.00063952134,.015597133,.0053910064,8
45,3,8,8,9,8,13,2016,UT,30.512171,-1.0999107,0,1.1328231,-.25779447,-.029218581,1,0,1,0,UTAH,-.98131597,1,5,5,6,5,10,2999300,.78799999,.0099999998,.138,.024,.082000002,.39199999,.18000001,.145,.32100001,.108,.131,.23800001,.097000003,.105,.50199997,.498,25400,75170,40622,65750,606,0,825,0,2807,1431,5,.00047711132,.00093588507,.021921782,.0084686428,10
45,,7,,6,6,13,2017,UT,,-1.1546013,0,1.5438384,-.26411575,-.029218581,1,0,1,0,UTAH,-.96011943,1,,,,,,3047400,.78500003,.011,.14,.024,.079999998,.19599999,.15700001,.131,.315,.107,.131,.242,.097000003,.108,.50199997,.498,26200,78530,40536,57475,402,0,745,0,2852,1147,,.00037638642,.00093587977,.01886034,.0085974932,
46,0,,,1,,2,2013,VT,6.2714,-.46171919,0,-.22070047,-.72566414,-1.1028107,0,1,0,1,VERMONT,-.97071767,0,,,1,,2,602700,.94099998,.0099999998,.015,.013,.127,0,0,0,.215,.079000004,.106,.27900001,.156,.167,.493,.50700003,8600,66057,49559,21721,190,0,358,0,1454,548,,.00090924173,.0024124773,.03603949,.014269122,2
46,1,,,1,1,2,2014,VT,6.2698398,-.46171919,0,.4074955,-.7441963,-1.1028107,0,1,0,1,VERMONT,-.99191427,0,,,0,0,1,600000,.93400002,.0099999998,.015,.02,.097999997,0,0,0,.207,.085000001,.107,.271,.16,.171,.48699999,.51300001,8400,66471,54531,20107,180,0,246,0,1523,426,,.00070999999,.0025383334,.033511668,.014,1
46,0,1,1,1,1,1,2015,VT,6.26088,-1.4311017,0,.27748701,-.71717244,-1.1028107,0,1,0,1,VERMONT,-.96011943,0,1,1,1,1,1,4730100,.93599999,.012,.015,.013,.090000004,0,0,0,.20100001,.082999997,.113,.266,.162,.176,.49399999,.50599998,8000,66833,50417,17564,157,0,192,0,1523,349,1,.000073782794,.00032198051,.0037132408,.0016912961,1
46,0,2,2,2,2,3,2016,VT,6.2459402,-1.4311017,0,.42131025,-.73225981,-1.1028107,0,1,0,1,VERMONT,-.96011943,0,2,2,2,2,3,599600,.935,.0099999998,.018999999,.011,.111,0,0,0,.204,.085000001,.106,.26100001,.15899999,.186,.49200001,.50800002,7400,67938,42935,15699,155,0,205,0,1117,360,2,.00060040026,.0018629086,.026182454,.012341561,3
46,,1,,1,1,1,2017,VT,,-1.2076857,0,.73915642,-.72290558,-1.1028107,0,1,1,0,VERMONT,-.96011943,0,,,,,,600200,.93099999,.012,.017000001,.017000001,.108,0,0,0,.2,.086999997,.109,.25299999,.16,.19,.493,.50700003,6800,70252,41553,13645,81,0,148,0,1225,229,,.00038153949,.0020409864,.022734089,.011329557,
47,5,,,17,,29,2013,VA,82.626923,.15451375,0,1.1477087,-.18276393,-.1783959,0,0,1,0,VIRGINIA,.91577619,0,,,12,,24,7945700,.63800001,.186,.086000003,.059,.089000002,.211,.15800001,.072999999,.243,.090000004,.122,.28099999,.12800001,.13600001,.484,.51599997,114600,79215,43885,280939,43756,535,49416,837,7625,94544,,.011898763,.00095963856,.035357364,.014422895,24
47,2,,,11,12,28,2014,VA,83.173721,.15451375,0,.99082035,-.1673218,-.1783959,1,0,0,1,VIRGINIA,.91577619,0,,,9,10,26,8006000,.63099998,.18700001,.088,.061999999,.089000002,.215,.152,.083999999,.242,.092,.122,.27599999,.12899999,.14,.484,.51599997,115300,80325,44288,272439,43253,563,48096,749,7001,92661,,.011573944,.00087446917,.034029353,.014401698,26
47,8,18,22,22,19,34,2015,VA,83.675873,-.76719546,0,.49081233,-.08650329,-.1783959,1,0,0,1,VIRGINIA,.91577619,0,10,14,14,11,26,4730100,.62800002,.185,.090000004,.064000003,.089000002,.197,.14399999,.079999998,.241,.090000004,.121,.27399999,.13,.14399999,.48300001,.51700002,114400,80615,44562,256110,42301,611,45826,803,7001,89541,10,.018930044,.0014800956,.054144733,.024185535,26
47,11,17,19,20,18,30,2016,VA,84.11808,-.76719546,0,1.0225194,-.09645202,-.1783959,1,0,0,1,VIRGINIA,.89457965,0,6,8,9,7,19,8080900,.62300003,.185,.090999998,.064000003,.086000003,.182,.153,.071999997,.23899999,.088,.121,.27200001,.133,.149,.48500001,.51499999,120000,82180,45374,236534,38334,725,40357,721,6268,80137,6,.0099168411,.0007756562,.02927075,.014849831,19
47,,23,,30,25,45,2017,VA,,-.69784302,0,1.541054,-.099096149,-.1783959,1,0,0,1,VIRGINIA,.90517789,0,,,,,,8140700,.61900002,.185,.093000002,.066,.082000002,.18000001,.123,.068000004,.237,.088,.121,.26899999,.133,.153,.484,.51599997,120800,84866,47246,219211,35056,610,36903,680,6067,73249,,.0089978753,.00074526761,.026927782,.014839019,
48,20,,,30,,41,2013,WA,69.680061,1.2227654,0,.3430267,-.14009899,.13119781,0,1,0,1,WASHINGTON,-.70576066,0,,,10,,21,6797800,.70999998,.034000002,.119,.077,.11,.25,.26800001,.12800001,.241,.090999998,.12800001,.27200001,.131,.13699999,.49599999,.50400001,139200,76022,41325,304350,6652,58,10635,144,17760,17489,,.0025727442,.0026126099,.044771839,.020477213,21
48,24,,,35,33,44,2014,WA,70.541962,1.2227654,0,.23186621,-.11336572,.13119781,0,1,0,1,WASHINGTON,-.72695726,0,,,11,9,20,6887600,.70300001,.033,.122,.078000002,.105,.229,.227,.13500001,.23999999,.092,.12800001,.26800001,.132,.141,.49700001,.50300002,133000,76673,42120,287804,6618,62,10281,184,19419,17145,,.002489256,.0028194147,.041785818,.019310065,20
48,6,16,23,21,16,20,2015,WA,71.602898,-.12459676,0,1.1073353,-.12104722,.13119781,0,0,0,1,WASHINGTON,-.71635896,0,10,17,15,10,14,4730100,.699,.035,.123,.079000004,.103,.23199999,.221,.112,.237,.090999998,.13,.26499999,.132,.145,.49700001,.50300002,130600,77441,42200,258544,5949,65,9106,180,19419,15300,10,.0032346039,.0041054101,.054659311,.02761041,14
48,11,26,27,27,27,35,2016,WA,72.879997,-.12459676,0,1.4357836,-.10608052,.13119781,0,0,0,1,WASHINGTON,-.71635896,0,15,16,16,16,24,7124100,.69499999,.034000002,.124,.081,.092,.22,.19499999,.096000001,.236,.089000002,.13,.264,.132,.149,.495,.505,127000,79796,44438,227504,5173,45,8028,140,20827,13386,15,.0018789741,.002923457,.031934422,.017826812,24
48,,38,,44,40,52,2017,WA,,.025099145,0,1.9828045,-.10435505,.13119781,0,1,0,1,WASHINGTON,-.71635896,0,,,,,,7239800,.68699998,.034000002,.127,.085000001,.088,.20100001,.211,.097000003,.235,.086999997,.133,.26199999,.131,.15099999,.49599999,.50400001,120800,83343,47057,202945,4822,61,7631,95,21112,12609,,.0017416227,.0029161028,.028031852,.016685544,
49,0,,,10,,11,2013,WV,18.53231,.20535836,0,-1.7843366,-.78004247,1.5074503,0,1,0,1,WEST VIRGINIA,-.7375555,0,,,10,,11,1798200,.93199998,.029999999,.012,.0099999998,.17299999,.31600001,.29899999,0,.21699999,.086999997,.106,.26699999,.15099999,.17299999,.491,.509,20500,48905,28138,65168,1091,3,1908,18,2240,3020,,.0016794573,.0012456902,.036240686,.011400289,11
49,1,,,8,7,10,2014,WV,18.48514,.20535836,0,-1.8581223,-.78748167,1.5074503,0,1,0,1,WEST VIRGINIA,-.70576066,0,,,7,6,9,1791600,.92900002,.035,.012,.0099999998,.171,.301,.31600001,.18700001,.21699999,.086999997,.106,.26199999,.149,.17900001,.49200001,.50800002,19600,49643,28993,63078,1101,4,1748,24,1835,2877,,.0016058272,.0010242242,.035207637,.010939942,9
49,1,10,12,11,10,14,2015,WV,18.41053,-.99283862,0,-1.5077205,-.77636576,1.5074503,1,0,0,1,WEST VIRGINIA,-.68456411,0,9,11,10,9,13,4730100,.92799997,.034000002,.013,.0099999998,.17299999,.27599999,.207,.178,.21600001,.086000003,.104,.26199999,.149,.183,.49000001,.50999999,20100,49830,29202,59495,1227,8,1685,29,1835,2949,9,.00062345405,.00038794105,.012577958,.0042493818,13
49,0,12,13,12,12,20,2016,WV,18.31102,-.99283862,0,-1.3438712,-.77738339,1.5074503,1,0,0,1,WEST VIRGINIA,-.68456411,0,12,13,12,12,20,1781700,.92400002,.034000002,.014,.0099999998,.176,.245,.26699999,0,.21699999,.085000001,.104,.25799999,.148,.18799999,.49200001,.50800002,20100,51051,31119,57355,1132,8,1800,19,1387,2959,12,.0016607734,.00077847001,.032191165,.011281361,20
49,,11,,13,12,19,2017,WV,,-.9911114,0,-1.2327107,-.77647698,1.5074503,1,0,0,1,WEST VIRGINIA,-.67396581,0,,,,,,1762100,.926,.037,.012,.0099999998,.184,.30500001,.264,0,.219,.083999999,.101,.255,.148,.19400001,.49000001,.50999999,20900,52488,31939,54099,1324,8,1795,35,1309,3162,,.0017944498,.00074286363,.030701436,.011860847,
50,13,,,15,,24,2013,WI,57.428539,1.4934452,0,-.17615061,-.33459827,-.4170337,1,0,1,0,WISCONSIN,-.44080368,0,,,2,,11,5592500,.82599998,.059999999,.063000001,.024,.103,.375,.29300001,.17299999,.241,.089000002,.116,.271,.13600001,.147,.495,.505,98100,66444,27016,220526,14530,174,16702,137,6104,31543,,.0056402325,.0010914617,.039432455,.017541351,11
50,9,,,10,10,17,2014,WI,57.583771,1.4934452,0,.12606028,-.3253901,-.4170337,1,0,1,0,WISCONSIN,-.4302054,1,,,1,1,8,5603600,.824,.059,.064000003,.026000001,.094999999,.35100001,.27399999,.213,.23800001,.092,.115,.26699999,.13699999,.15099999,.49399999,.50599998,97300,67186,26968,204126,13962,162,15464,164,6057,29752,,.0053094439,.0010809123,.036427654,.017363837,8
50,7,11,12,11,11,18,2015,WI,57.678909,-.5663361,0,-.15826641,-.31828099,-.4170337,1,0,1,0,WISCONSIN,-.4302054,1,4,5,4,4,11,4730100,.82099998,.059999999,.066,.027000001,.088,.31999999,.227,.15000001,.236,.088,.114,.26499999,.141,.155,.495,.505,100600,67795,27099,178211,13080,170,14405,150,6057,27805,4,.0058783111,.0012805226,.037675947,.021268049,11
50,17,17,18,17,17,23,2016,WI,57.787079,-.5663361,0,.3120774,-.32917783,-.4170337,1,0,1,0,WISCONSIN,-.4302054,1,0,1,0,0,6,5623300,.81900001,.059999999,.067000002,.027000001,.088,.31299999,.242,.186,.234,.090000004,.115,.25799999,.14399999,.16,.49399999,.50599998,100500,69544,27979,155385,12122,150,12428,113,5685,24813,0,.0044125337,.0010109722,.027632352,.017872067,6
50,,24,,26,25,34,2017,WI,,.60979599,0,.7012462,-.3256585,-.4170337,1,0,1,0,WISCONSIN,-.4196071,1,,,,,,5643000,.815,.057999998,.068000004,.029999999,.082999997,.292,.205,.142,.234,.088,.114,.255,.14399999,.16500001,.495,.505,100800,72067,29081,133986,10412,127,10892,123,5027,21554,,.0038195995,.00089083822,.023743754,.01786284,
51,1,,,1,,1,2013,WY,5.8268399,-1.1932524,0,-.12881637,-.47186789,1.7578648,1,0,1,0,WYOMING,-.94952112,0,,,0,,0,567300,.85000002,.013,.088,.0099999998,.082999997,0,.26499999,.49399999,.25099999,.097000003,.131,.248,.14,.133,.50400001,.49599999,9700,69012,33750,15218,44,0,299,0,953,343,,.00060461834,.0016798872,.026825313,.017098537,0
51,0,,,3,3,3,2014,WY,5.8364201,-1.1932524,0,-.12988728,-.47145444,1.7578648,1,0,1,0,WYOMING,-.98131597,0,,,3,3,3,568500,.84299999,.011,.097000003,.0099999998,.093000002,0,.29699999,.278,.248,.093000002,.12899999,.25299999,.14300001,.13500001,.50700003,.493,9700,70230,36479,14774,45,0,376,0,798,421,,.00074054528,.0014036939,.025987687,.017062444,3
51,0,6,6,6,6,7,2015,WY,5.86555,-1.9833601,0,.43073425,-.48427099,1.7578648,1,0,1,0,WYOMING,-1.0025126,0,6,6,6,6,7,568900,.84299999,.0099999998,.098999999,.0099999998,.097999997,0,0,0,.25600001,.092,.123,.244,.142,.142,.495,.505,9900,71157,38958,13914,16,0,312,0,798,328,6,.00057655125,.001402707,.024457725,.017402004,7
51,0,2,2,2,2,3,2016,WY,5.85501,-1.9833601,0,.09918043,-.46773353,1.7578648,1,0,1,0,WYOMING,-.99191427,0,2,2,2,2,3,569400,.847,.0099999998,.096000001,.0099999998,.105,0,.178,0,.255,.089000002,.121,.245,.141,.15000001,.505,.495,9400,71791,44079,14064,101,0,171,0,857,272,2,.00047769581,.0015050931,.024699684,.016508605,3
51,,1,,1,1,5,2017,WY,,-1.8615623,0,.10003716,-.54649329,1.7578648,1,0,1,0,WYOMING,-.99191427,0,,,,,,563300,.84200001,.0099999998,.1,.0099999998,.101,0,.214,0,.25299999,.086000003,.123,.236,.145,.15700001,.509,.491,10000,73175,43091,13209,86,0,137,0,873,223,,.00039588142,.0015497959,.023449317,.01775253,
